"","NumeroPlaca","PlacaSorteada"
"1",1,FALSE
"2",2,TRUE
"3",3,TRUE
"4",4,FALSE
"5",5,FALSE
"6",6,FALSE
"7",7,FALSE
"8",8,FALSE
"9",9,FALSE
"10",10,FALSE
"11",11,FALSE
"12",12,FALSE
"13",13,FALSE
"14",14,FALSE
"15",15,FALSE
"16",16,FALSE
"17",17,FALSE
"18",18,FALSE
"19",19,FALSE
"20",20,FALSE
"21",21,FALSE
"22",22,FALSE
"23",23,FALSE
"24",24,FALSE
"25",25,FALSE
"26",26,FALSE
"27",27,FALSE
"28",28,FALSE
"29",29,FALSE
"30",30,TRUE
"31",31,FALSE
"32",32,FALSE
"33",33,FALSE
"34",34,FALSE
"35",35,FALSE
"36",36,TRUE
"37",37,FALSE
"38",38,TRUE
"39",39,FALSE
"40",40,FALSE
"41",41,FALSE
"42",42,FALSE
"43",43,FALSE
"44",44,FALSE
"45",45,FALSE
"46",46,FALSE
"47",47,FALSE
"48",48,FALSE
"49",49,FALSE
"50",50,FALSE
"51",51,FALSE
"52",52,FALSE
"53",53,FALSE
"54",54,FALSE
"55",55,FALSE
"56",56,FALSE
"57",57,FALSE
"58",58,FALSE
"59",59,FALSE
"60",60,FALSE
"61",61,FALSE
"62",62,FALSE
"63",63,FALSE
"64",64,FALSE
"65",65,FALSE
"66",66,FALSE
"67",67,TRUE
"68",68,FALSE
"69",69,FALSE
"70",70,TRUE
"71",71,FALSE
"72",72,FALSE
"73",73,TRUE
"74",74,FALSE
"75",75,TRUE
"76",76,FALSE
"77",77,FALSE
"78",78,FALSE
"79",79,FALSE
"80",80,FALSE
"81",81,FALSE
"82",82,FALSE
"83",83,FALSE
"84",84,TRUE
"85",85,FALSE
"86",86,FALSE
"87",87,TRUE
"88",88,FALSE
"89",89,FALSE
"90",90,FALSE
"91",91,FALSE
"92",92,FALSE
"93",93,TRUE
"94",94,FALSE
"95",95,FALSE
"96",96,FALSE
"97",97,TRUE
"98",98,FALSE
"99",99,FALSE
"100",100,FALSE
"101",101,FALSE
"102",102,FALSE
"103",103,FALSE
"104",104,FALSE
"105",105,FALSE
"106",106,FALSE
"107",107,FALSE
"108",108,FALSE
"109",109,FALSE
"110",110,FALSE
"111",111,FALSE
"112",112,TRUE
"113",113,FALSE
"114",114,FALSE
"115",115,TRUE
"116",116,FALSE
"117",117,FALSE
"118",118,FALSE
"119",119,FALSE
"120",120,TRUE
"121",121,FALSE
"122",122,FALSE
"123",123,FALSE
"124",124,FALSE
"125",125,FALSE
"126",126,FALSE
"127",127,FALSE
"128",128,FALSE
"129",129,FALSE
"130",130,FALSE
"131",131,FALSE
"132",132,FALSE
"133",133,FALSE
"134",134,FALSE
"135",135,FALSE
"136",136,FALSE
"137",137,FALSE
"138",138,TRUE
"139",139,FALSE
"140",140,FALSE
"141",141,FALSE
"142",142,FALSE
"143",143,TRUE
"144",144,FALSE
"145",145,FALSE
"146",146,FALSE
"147",147,FALSE
"148",148,FALSE
"149",149,TRUE
"150",150,FALSE
"151",151,FALSE
"152",152,TRUE
"153",153,FALSE
"154",154,FALSE
"155",155,FALSE
"156",156,FALSE
"157",157,FALSE
"158",158,FALSE
"159",159,FALSE
"160",160,FALSE
"161",161,TRUE
"162",162,TRUE
"163",163,FALSE
"164",164,FALSE
"165",165,FALSE
"166",166,FALSE
"167",167,TRUE
"168",168,FALSE
"169",169,FALSE
"170",170,FALSE
"171",171,FALSE
"172",172,FALSE
"173",173,FALSE
"174",174,FALSE
"175",175,FALSE
"176",176,FALSE
"177",177,FALSE
"178",178,FALSE
"179",179,FALSE
"180",180,FALSE
"181",181,FALSE
"182",182,FALSE
"183",183,FALSE
"184",184,FALSE
"185",185,FALSE
"186",186,FALSE
"187",187,FALSE
"188",188,FALSE
"189",189,FALSE
"190",190,FALSE
"191",191,FALSE
"192",192,FALSE
"193",193,TRUE
"194",194,FALSE
"195",195,FALSE
"196",196,FALSE
"197",197,FALSE
"198",198,FALSE
"199",199,FALSE
"200",200,FALSE
"201",201,FALSE
"202",202,TRUE
"203",203,FALSE
"204",204,FALSE
"205",205,FALSE
"206",206,FALSE
"207",207,FALSE
"208",208,FALSE
"209",209,FALSE
"210",210,TRUE
"211",211,FALSE
"212",212,FALSE
"213",213,FALSE
"214",214,FALSE
"215",215,TRUE
"216",216,FALSE
"217",217,FALSE
"218",218,FALSE
"219",219,FALSE
"220",220,FALSE
"221",221,FALSE
"222",222,FALSE
"223",223,FALSE
"224",224,FALSE
"225",225,FALSE
"226",226,FALSE
"227",227,FALSE
"228",228,FALSE
"229",229,FALSE
"230",230,FALSE
"231",231,TRUE
"232",232,FALSE
"233",233,FALSE
"234",234,FALSE
"235",235,FALSE
"236",236,FALSE
"237",237,FALSE
"238",238,FALSE
"239",239,FALSE
"240",240,TRUE
"241",241,TRUE
"242",242,FALSE
"243",243,FALSE
"244",244,FALSE
"245",245,FALSE
"246",246,TRUE
"247",247,FALSE
"248",248,FALSE
"249",249,FALSE
"250",250,TRUE
"251",251,TRUE
"252",252,FALSE
"253",253,TRUE
"254",254,FALSE
"255",255,FALSE
"256",256,TRUE
"257",257,TRUE
"258",258,FALSE
"259",259,FALSE
"260",260,FALSE
"261",261,FALSE
"262",262,FALSE
"263",263,FALSE
"264",264,FALSE
"265",265,FALSE
"266",266,FALSE
"267",267,FALSE
"268",268,FALSE
"269",269,FALSE
"270",270,FALSE
"271",271,FALSE
"272",272,FALSE
"273",273,FALSE
"274",274,FALSE
"275",275,FALSE
"276",276,FALSE
"277",277,FALSE
"278",278,FALSE
"279",279,FALSE
"280",280,FALSE
"281",281,FALSE
"282",282,FALSE
"283",283,FALSE
"284",284,FALSE
"285",285,FALSE
"286",286,FALSE
"287",287,TRUE
"288",288,FALSE
"289",289,FALSE
"290",290,FALSE
"291",291,FALSE
"292",292,FALSE
"293",293,FALSE
"294",294,FALSE
"295",295,FALSE
"296",296,FALSE
"297",297,FALSE
"298",298,FALSE
"299",299,FALSE
"300",300,FALSE
"301",301,FALSE
"302",302,FALSE
"303",303,FALSE
"304",304,FALSE
"305",305,FALSE
"306",306,TRUE
"307",307,TRUE
"308",308,FALSE
"309",309,FALSE
"310",310,FALSE
"311",311,FALSE
"312",312,FALSE
"313",313,FALSE
"314",314,FALSE
"315",315,FALSE
"316",316,FALSE
"317",317,FALSE
"318",318,FALSE
"319",319,FALSE
"320",320,FALSE
"321",321,FALSE
"322",322,FALSE
"323",323,FALSE
"324",324,FALSE
"325",325,FALSE
"326",326,FALSE
"327",327,FALSE
"328",328,FALSE
"329",329,FALSE
"330",330,FALSE
"331",331,FALSE
"332",332,FALSE
"333",333,FALSE
"334",334,FALSE
"335",335,TRUE
"336",336,FALSE
"337",337,FALSE
"338",338,FALSE
"339",339,FALSE
"340",340,FALSE
"341",341,FALSE
"342",342,FALSE
"343",343,FALSE
"344",344,FALSE
"345",345,FALSE
"346",346,FALSE
"347",347,FALSE
"348",348,FALSE
"349",349,FALSE
"350",350,TRUE
"351",351,FALSE
"352",352,FALSE
"353",353,FALSE
"354",354,FALSE
"355",355,FALSE
"356",356,FALSE
"357",357,FALSE
"358",358,FALSE
"359",359,FALSE
"360",360,FALSE
"361",361,FALSE
"362",362,FALSE
"363",363,FALSE
"364",364,FALSE
"365",365,FALSE
"366",366,FALSE
"367",367,FALSE
"368",368,FALSE
"369",369,FALSE
"370",370,FALSE
"371",371,FALSE
"372",372,FALSE
"373",373,FALSE
"374",374,FALSE
"375",375,FALSE
"376",376,FALSE
"377",377,FALSE
"378",378,FALSE
"379",379,TRUE
"380",380,FALSE
"381",381,FALSE
"382",382,FALSE
"383",383,FALSE
"384",384,FALSE
"385",385,FALSE
"386",386,FALSE
"387",387,FALSE
"388",388,FALSE
"389",389,FALSE
"390",390,FALSE
"391",391,FALSE
"392",392,FALSE
"393",393,FALSE
"394",394,FALSE
"395",395,FALSE
"396",396,FALSE
"397",397,FALSE
"398",398,FALSE
"399",399,FALSE
"400",400,FALSE
"401",401,FALSE
"402",402,FALSE
"403",403,FALSE
"404",404,FALSE
"405",405,FALSE
"406",406,FALSE
"407",407,FALSE
"408",408,FALSE
"409",409,FALSE
"410",410,FALSE
"411",411,FALSE
"412",412,FALSE
"413",413,FALSE
"414",414,FALSE
"415",415,FALSE
"416",416,FALSE
"417",417,FALSE
"418",418,FALSE
"419",419,FALSE
"420",420,TRUE
"421",421,TRUE
"422",422,FALSE
"423",423,FALSE
"424",424,FALSE
"425",425,FALSE
"426",426,FALSE
"427",427,FALSE
"428",428,FALSE
"429",429,FALSE
"430",430,TRUE
"431",431,FALSE
"432",432,FALSE
"433",433,FALSE
"434",434,FALSE
"435",435,FALSE
"436",436,FALSE
"437",437,FALSE
"438",438,FALSE
"439",439,FALSE
"440",440,FALSE
"441",441,FALSE
"442",442,FALSE
"443",443,FALSE
"444",444,FALSE
"445",445,FALSE
"446",446,FALSE
"447",447,TRUE
"448",448,FALSE
"449",449,FALSE
"450",450,FALSE
"451",451,TRUE
"452",452,FALSE
"453",453,FALSE
"454",454,FALSE
"455",455,FALSE
"456",456,FALSE
"457",457,FALSE
"458",458,FALSE
"459",459,FALSE
"460",460,FALSE
"461",461,FALSE
"462",462,FALSE
"463",463,FALSE
"464",464,FALSE
"465",465,FALSE
"466",466,FALSE
"467",467,FALSE
"468",468,FALSE
"469",469,FALSE
"470",470,FALSE
"471",471,FALSE
"472",472,FALSE
"473",473,FALSE
"474",474,FALSE
"475",475,FALSE
"476",476,FALSE
"477",477,FALSE
"478",478,FALSE
"479",479,FALSE
"480",480,FALSE
"481",481,FALSE
"482",482,FALSE
"483",483,TRUE
"484",484,FALSE
"485",485,TRUE
"486",486,FALSE
"487",487,FALSE
"488",488,FALSE
"489",489,FALSE
"490",490,FALSE
"491",491,FALSE
"492",492,TRUE
"493",493,FALSE
"494",494,FALSE
"495",495,FALSE
"496",496,FALSE
"497",497,FALSE
"498",498,FALSE
"499",499,TRUE
"500",500,FALSE
"501",501,FALSE
"502",502,FALSE
"503",503,FALSE
"504",504,FALSE
"505",505,FALSE
"506",506,FALSE
"507",507,FALSE
"508",508,TRUE
"509",509,FALSE
"510",510,FALSE
"511",511,FALSE
"512",512,FALSE
"513",513,FALSE
"514",514,FALSE
"515",515,FALSE
"516",516,FALSE
"517",517,FALSE
"518",518,FALSE
"519",519,TRUE
"520",520,FALSE
"521",521,TRUE
"522",522,TRUE
"523",523,TRUE
"524",524,FALSE
"525",525,FALSE
"526",526,FALSE
"527",527,FALSE
"528",528,FALSE
"529",529,FALSE
"530",530,FALSE
"531",531,FALSE
"532",532,FALSE
"533",533,FALSE
"534",534,FALSE
"535",535,FALSE
"536",536,FALSE
"537",537,FALSE
"538",538,FALSE
"539",539,FALSE
"540",540,FALSE
"541",541,FALSE
"542",542,FALSE
"543",543,FALSE
"544",544,FALSE
"545",545,FALSE
"546",546,FALSE
"547",547,FALSE
"548",548,FALSE
"549",549,FALSE
"550",550,FALSE
"551",551,FALSE
"552",552,FALSE
"553",553,FALSE
"554",554,FALSE
"555",555,FALSE
"556",556,FALSE
"557",557,FALSE
"558",558,FALSE
"559",559,FALSE
"560",560,FALSE
"561",561,FALSE
"562",562,TRUE
"563",563,TRUE
"564",564,FALSE
"565",565,FALSE
"566",566,FALSE
"567",567,FALSE
"568",568,FALSE
"569",569,FALSE
"570",570,FALSE
"571",571,FALSE
"572",572,FALSE
"573",573,FALSE
"574",574,FALSE
"575",575,FALSE
"576",576,FALSE
"577",577,FALSE
"578",578,FALSE
"579",579,FALSE
"580",580,FALSE
"581",581,TRUE
"582",582,FALSE
"583",583,TRUE
"584",584,FALSE
"585",585,FALSE
"586",586,FALSE
"587",587,TRUE
"588",588,FALSE
"589",589,FALSE
"590",590,FALSE
"591",591,FALSE
"592",592,FALSE
"593",593,FALSE
"594",594,FALSE
"595",595,TRUE
"596",596,FALSE
"597",597,TRUE
"598",598,TRUE
"599",599,FALSE
"600",600,FALSE
"601",601,FALSE
"602",602,TRUE
"603",603,FALSE
"604",604,FALSE
"605",605,FALSE
"606",606,FALSE
"607",607,FALSE
"608",608,FALSE
"609",609,FALSE
"610",610,FALSE
"611",611,FALSE
"612",612,FALSE
"613",613,FALSE
"614",614,FALSE
"615",615,FALSE
"616",616,TRUE
"617",617,FALSE
"618",618,FALSE
"619",619,FALSE
"620",620,FALSE
"621",621,FALSE
"622",622,FALSE
"623",623,FALSE
"624",624,FALSE
"625",625,TRUE
"626",626,TRUE
"627",627,FALSE
"628",628,FALSE
"629",629,FALSE
"630",630,FALSE
"631",631,FALSE
"632",632,FALSE
"633",633,FALSE
"634",634,FALSE
"635",635,FALSE
"636",636,FALSE
"637",637,FALSE
"638",638,FALSE
"639",639,FALSE
"640",640,FALSE
"641",641,FALSE
"642",642,FALSE
"643",643,FALSE
"644",644,FALSE
"645",645,FALSE
"646",646,FALSE
"647",647,FALSE
"648",648,FALSE
"649",649,FALSE
"650",650,FALSE
"651",651,FALSE
"652",652,FALSE
"653",653,FALSE
"654",654,FALSE
"655",655,FALSE
"656",656,FALSE
"657",657,FALSE
"658",658,FALSE
"659",659,FALSE
"660",660,FALSE
"661",661,TRUE
"662",662,FALSE
"663",663,FALSE
"664",664,FALSE
"665",665,FALSE
"666",666,FALSE
"667",667,FALSE
"668",668,FALSE
"669",669,FALSE
"670",670,FALSE
"671",671,FALSE
"672",672,FALSE
"673",673,TRUE
"674",674,FALSE
"675",675,FALSE
"676",676,FALSE
"677",677,FALSE
"678",678,FALSE
"679",679,FALSE
"680",680,FALSE
"681",681,FALSE
"682",682,TRUE
"683",683,FALSE
"684",684,FALSE
"685",685,FALSE
"686",686,FALSE
"687",687,FALSE
"688",688,FALSE
"689",689,FALSE
"690",690,FALSE
"691",691,FALSE
"692",692,FALSE
"693",693,FALSE
"694",694,FALSE
"695",695,TRUE
"696",696,FALSE
"697",697,FALSE
"698",698,FALSE
"699",699,FALSE
"700",700,FALSE
"701",701,FALSE
"702",702,TRUE
"703",703,FALSE
"704",704,FALSE
"705",705,TRUE
"706",706,FALSE
"707",707,FALSE
"708",708,FALSE
"709",709,FALSE
"710",710,TRUE
"711",711,FALSE
"712",712,FALSE
"713",713,FALSE
"714",714,FALSE
"715",715,FALSE
"716",716,FALSE
"717",717,FALSE
"718",718,FALSE
"719",719,FALSE
"720",720,FALSE
"721",721,FALSE
"722",722,FALSE
"723",723,FALSE
"724",724,FALSE
"725",725,FALSE
"726",726,FALSE
"727",727,FALSE
"728",728,FALSE
"729",729,FALSE
"730",730,FALSE
"731",731,FALSE
"732",732,FALSE
"733",733,FALSE
"734",734,FALSE
"735",735,FALSE
"736",736,FALSE
"737",737,FALSE
"738",738,FALSE
"739",739,FALSE
"740",740,TRUE
"741",741,FALSE
"742",742,FALSE
"743",743,FALSE
"744",744,FALSE
"745",745,FALSE
"746",746,FALSE
"747",747,TRUE
"748",748,FALSE
"749",749,TRUE
"750",750,FALSE
"751",751,FALSE
"752",752,FALSE
"753",753,FALSE
"754",754,FALSE
"755",755,FALSE
"756",756,FALSE
"757",757,FALSE
"758",758,FALSE
"759",759,FALSE
"760",760,FALSE
"761",761,FALSE
"762",762,FALSE
"763",763,FALSE
"764",764,TRUE
"765",765,FALSE
"766",766,FALSE
"767",767,TRUE
"768",768,FALSE
"769",769,FALSE
"770",770,FALSE
"771",771,FALSE
"772",772,FALSE
"773",773,FALSE
"774",774,FALSE
"775",775,TRUE
"776",776,FALSE
"777",777,FALSE
"778",778,FALSE
"779",779,FALSE
"780",780,FALSE
"781",781,FALSE
"782",782,FALSE
"783",783,FALSE
"784",784,FALSE
"785",785,FALSE
"786",786,FALSE
"787",787,FALSE
"788",788,FALSE
"789",789,FALSE
"790",790,FALSE
"791",791,FALSE
"792",792,FALSE
"793",793,FALSE
"794",794,FALSE
"795",795,FALSE
"796",796,FALSE
"797",797,FALSE
"798",798,TRUE
"799",799,FALSE
"800",800,FALSE
"801",801,FALSE
"802",802,FALSE
"803",803,TRUE
"804",804,FALSE
"805",805,TRUE
"806",806,FALSE
"807",807,FALSE
"808",808,FALSE
"809",809,FALSE
"810",810,FALSE
"811",811,FALSE
"812",812,TRUE
"813",813,FALSE
"814",814,FALSE
"815",815,FALSE
"816",816,FALSE
"817",817,FALSE
"818",818,FALSE
"819",819,FALSE
"820",820,FALSE
"821",821,FALSE
"822",822,FALSE
"823",823,FALSE
"824",824,FALSE
"825",825,FALSE
"826",826,FALSE
"827",827,FALSE
"828",828,FALSE
"829",829,FALSE
"830",830,FALSE
"831",831,FALSE
"832",832,FALSE
"833",833,FALSE
"834",834,FALSE
"835",835,FALSE
"836",836,TRUE
"837",837,FALSE
"838",838,FALSE
"839",839,FALSE
"840",840,FALSE
"841",841,TRUE
"842",842,FALSE
"843",843,FALSE
"844",844,FALSE
"845",845,FALSE
"846",846,FALSE
"847",847,FALSE
"848",848,FALSE
"849",849,FALSE
"850",850,FALSE
"851",851,TRUE
"852",852,FALSE
"853",853,TRUE
"854",854,FALSE
"855",855,FALSE
"856",856,FALSE
"857",857,FALSE
"858",858,FALSE
"859",859,FALSE
"860",860,TRUE
"861",861,FALSE
"862",862,FALSE
"863",863,FALSE
"864",864,FALSE
"865",865,FALSE
"866",866,FALSE
"867",867,FALSE
"868",868,TRUE
"869",869,FALSE
"870",870,FALSE
"871",871,FALSE
"872",872,FALSE
"873",873,FALSE
"874",874,FALSE
"875",875,FALSE
"876",876,TRUE
"877",877,TRUE
"878",878,FALSE
"879",879,FALSE
"880",880,FALSE
"881",881,FALSE
"882",882,FALSE
"883",883,FALSE
"884",884,FALSE
"885",885,FALSE
"886",886,TRUE
"887",887,FALSE
"888",888,FALSE
"889",889,FALSE
"890",890,FALSE
"891",891,FALSE
"892",892,FALSE
"893",893,FALSE
"894",894,TRUE
"895",895,FALSE
"896",896,FALSE
"897",897,FALSE
"898",898,FALSE
"899",899,FALSE
"900",900,FALSE
"901",901,FALSE
"902",902,TRUE
"903",903,FALSE
"904",904,FALSE
"905",905,FALSE
"906",906,FALSE
"907",907,FALSE
"908",908,FALSE
"909",909,FALSE
"910",910,FALSE
"911",911,FALSE
"912",912,TRUE
"913",913,FALSE
"914",914,FALSE
"915",915,FALSE
"916",916,FALSE
"917",917,FALSE
"918",918,FALSE
"919",919,FALSE
"920",920,FALSE
"921",921,TRUE
"922",922,FALSE
"923",923,FALSE
"924",924,FALSE
"925",925,FALSE
"926",926,FALSE
"927",927,FALSE
"928",928,FALSE
"929",929,TRUE
"930",930,FALSE
"931",931,FALSE
"932",932,FALSE
"933",933,FALSE
"934",934,FALSE
"935",935,FALSE
"936",936,FALSE
"937",937,FALSE
"938",938,FALSE
"939",939,FALSE
"940",940,FALSE
"941",941,FALSE
"942",942,FALSE
"943",943,FALSE
"944",944,FALSE
"945",945,FALSE
"946",946,FALSE
"947",947,FALSE
"948",948,FALSE
"949",949,FALSE
"950",950,FALSE
"951",951,FALSE
"952",952,FALSE
"953",953,FALSE
"954",954,TRUE
"955",955,TRUE
"956",956,FALSE
"957",957,FALSE
"958",958,FALSE
"959",959,FALSE
"960",960,FALSE
"961",961,FALSE
"962",962,FALSE
"963",963,FALSE
"964",964,FALSE
"965",965,FALSE
"966",966,FALSE
"967",967,FALSE
"968",968,FALSE
"969",969,FALSE
"970",970,FALSE
"971",971,FALSE
"972",972,FALSE
"973",973,FALSE
"974",974,FALSE
"975",975,FALSE
"976",976,FALSE
"977",977,FALSE
"978",978,FALSE
"979",979,FALSE
"980",980,FALSE
"981",981,FALSE
"982",982,TRUE
"983",983,FALSE
"984",984,FALSE
"985",985,FALSE
"986",986,FALSE
"987",987,FALSE
"988",988,FALSE
"989",989,TRUE
"990",990,FALSE
"991",991,FALSE
"992",992,FALSE
"993",993,FALSE
"994",994,FALSE
"995",995,FALSE
"996",996,FALSE
"997",997,FALSE
"998",998,FALSE
"999",999,FALSE
"1000",1000,FALSE
"1001",1001,FALSE
"1002",1002,FALSE
"1003",1003,FALSE
"1004",1004,FALSE
"1005",1005,FALSE
"1006",1006,FALSE
"1007",1007,FALSE
"1008",1008,TRUE
"1009",1009,FALSE
"1010",1010,TRUE
"1011",1011,TRUE
"1012",1012,FALSE
"1013",1013,FALSE
"1014",1014,FALSE
"1015",1015,TRUE
"1016",1016,FALSE
"1017",1017,TRUE
"1018",1018,FALSE
"1019",1019,FALSE
"1020",1020,FALSE
"1021",1021,TRUE
"1022",1022,TRUE
"1023",1023,FALSE
"1024",1024,FALSE
"1025",1025,TRUE
"1026",1026,FALSE
"1027",1027,TRUE
"1028",1028,FALSE
"1029",1029,FALSE
"1030",1030,FALSE
"1031",1031,FALSE
"1032",1032,FALSE
"1033",1033,FALSE
"1034",1034,FALSE
"1035",1035,FALSE
"1036",1036,TRUE
"1037",1037,FALSE
"1038",1038,FALSE
"1039",1039,FALSE
"1040",1040,FALSE
"1041",1041,FALSE
"1042",1042,FALSE
"1043",1043,FALSE
"1044",1044,TRUE
"1045",1045,FALSE
"1046",1046,FALSE
"1047",1047,FALSE
"1048",1048,FALSE
"1049",1049,FALSE
"1050",1050,FALSE
"1051",1051,FALSE
"1052",1052,FALSE
"1053",1053,FALSE
"1054",1054,FALSE
"1055",1055,FALSE
"1056",1056,FALSE
"1057",1057,FALSE
"1058",1058,TRUE
"1059",1059,FALSE
"1060",1060,TRUE
"1061",1061,TRUE
"1062",1062,FALSE
"1063",1063,FALSE
"1064",1064,FALSE
"1065",1065,FALSE
"1066",1066,FALSE
"1067",1067,FALSE
"1068",1068,FALSE
"1069",1069,FALSE
"1070",1070,FALSE
"1071",1071,FALSE
"1072",1072,FALSE
"1073",1073,FALSE
"1074",1074,TRUE
"1075",1075,FALSE
"1076",1076,FALSE
"1077",1077,FALSE
"1078",1078,FALSE
"1079",1079,FALSE
"1080",1080,FALSE
"1081",1081,FALSE
"1082",1082,FALSE
"1083",1083,TRUE
"1084",1084,FALSE
"1085",1085,FALSE
"1086",1086,FALSE
"1087",1087,FALSE
"1088",1088,TRUE
"1089",1089,TRUE
"1090",1090,FALSE
"1091",1091,TRUE
"1092",1092,FALSE
"1093",1093,FALSE
"1094",1094,FALSE
"1095",1095,FALSE
"1096",1096,FALSE
"1097",1097,FALSE
"1098",1098,FALSE
"1099",1099,FALSE
"1100",1100,FALSE
"1101",1101,FALSE
"1102",1102,TRUE
"1103",1103,FALSE
"1104",1104,FALSE
"1105",1105,FALSE
"1106",1106,TRUE
"1107",1107,FALSE
"1108",1108,FALSE
"1109",1109,FALSE
"1110",1110,FALSE
"1111",1111,FALSE
"1112",1112,FALSE
"1113",1113,FALSE
"1114",1114,FALSE
"1115",1115,FALSE
"1116",1116,FALSE
"1117",1117,FALSE
"1118",1118,FALSE
"1119",1119,FALSE
"1120",1120,FALSE
"1121",1121,FALSE
"1122",1122,FALSE
"1123",1123,FALSE
"1124",1124,FALSE
"1125",1125,FALSE
"1126",1126,FALSE
"1127",1127,FALSE
"1128",1128,FALSE
"1129",1129,FALSE
"1130",1130,FALSE
"1131",1131,FALSE
"1132",1132,FALSE
"1133",1133,FALSE
"1134",1134,TRUE
"1135",1135,TRUE
"1136",1136,FALSE
"1137",1137,FALSE
"1138",1138,TRUE
"1139",1139,TRUE
"1140",1140,FALSE
"1141",1141,FALSE
"1142",1142,FALSE
"1143",1143,FALSE
"1144",1144,TRUE
"1145",1145,FALSE
"1146",1146,FALSE
"1147",1147,FALSE
"1148",1148,FALSE
"1149",1149,TRUE
"1150",1150,FALSE
"1151",1151,FALSE
"1152",1152,FALSE
"1153",1153,FALSE
"1154",1154,FALSE
"1155",1155,FALSE
"1156",1156,FALSE
"1157",1157,FALSE
"1158",1158,FALSE
"1159",1159,FALSE
"1160",1160,FALSE
"1161",1161,FALSE
"1162",1162,FALSE
"1163",1163,FALSE
"1164",1164,TRUE
"1165",1165,TRUE
"1166",1166,FALSE
"1167",1167,TRUE
"1168",1168,FALSE
"1169",1169,FALSE
"1170",1170,TRUE
"1171",1171,FALSE
"1172",1172,FALSE
"1173",1173,TRUE
"1174",1174,FALSE
"1175",1175,FALSE
"1176",1176,FALSE
"1177",1177,TRUE
"1178",1178,TRUE
"1179",1179,FALSE
"1180",1180,FALSE
"1181",1181,FALSE
"1182",1182,FALSE
"1183",1183,FALSE
"1184",1184,FALSE
"1185",1185,FALSE
"1186",1186,FALSE
"1187",1187,FALSE
"1188",1188,TRUE
"1189",1189,FALSE
"1190",1190,FALSE
"1191",1191,FALSE
"1192",1192,FALSE
"1193",1193,FALSE
"1194",1194,FALSE
"1195",1195,FALSE
"1196",1196,FALSE
"1197",1197,FALSE
"1198",1198,FALSE
"1199",1199,FALSE
"1200",1200,FALSE
"1201",1201,FALSE
"1202",1202,FALSE
"1203",1203,FALSE
"1204",1204,FALSE
"1205",1205,TRUE
"1206",1206,TRUE
"1207",1207,TRUE
"1208",1208,FALSE
"1209",1209,FALSE
"1210",1210,FALSE
"1211",1211,FALSE
"1212",1212,FALSE
"1213",1213,FALSE
"1214",1214,TRUE
"1215",1215,TRUE
"1216",1216,TRUE
"1217",1217,FALSE
"1218",1218,TRUE
"1219",1219,FALSE
"1220",1220,FALSE
"1221",1221,FALSE
"1222",1222,FALSE
"1223",1223,FALSE
"1224",1224,FALSE
"1225",1225,TRUE
"1226",1226,FALSE
"1227",1227,FALSE
"1228",1228,FALSE
"1229",1229,FALSE
"1230",1230,FALSE
"1231",1231,TRUE
"1232",1232,FALSE
"1233",1233,FALSE
"1234",1234,FALSE
"1235",1235,TRUE
"1236",1236,FALSE
"1237",1237,FALSE
"1238",1238,FALSE
"1239",1239,FALSE
"1240",1240,FALSE
"1241",1241,TRUE
"1242",1242,FALSE
"1243",1243,FALSE
"1244",1244,TRUE
"1245",1245,FALSE
"1246",1246,TRUE
"1247",1247,FALSE
"1248",1248,FALSE
"1249",1249,FALSE
"1250",1250,FALSE
"1251",1251,FALSE
"1252",1252,FALSE
"1253",1253,FALSE
"1254",1254,FALSE
"1255",1255,FALSE
"1256",1256,FALSE
"1257",1257,FALSE
"1258",1258,TRUE
"1259",1259,FALSE
"1260",1260,FALSE
"1261",1261,FALSE
"1262",1262,FALSE
"1263",1263,FALSE
"1264",1264,FALSE
"1265",1265,FALSE
"1266",1266,FALSE
"1267",1267,FALSE
"1268",1268,FALSE
"1269",1269,FALSE
"1270",1270,FALSE
"1271",1271,FALSE
"1272",1272,FALSE
"1273",1273,FALSE
"1274",1274,FALSE
"1275",1275,FALSE
"1276",1276,FALSE
"1277",1277,FALSE
"1278",1278,FALSE
"1279",1279,FALSE
"1280",1280,FALSE
"1281",1281,FALSE
"1282",1282,FALSE
"1283",1283,TRUE
"1284",1284,TRUE
"1285",1285,FALSE
"1286",1286,FALSE
"1287",1287,FALSE
"1288",1288,FALSE
"1289",1289,FALSE
"1290",1290,FALSE
"1291",1291,FALSE
"1292",1292,FALSE
"1293",1293,FALSE
"1294",1294,FALSE
"1295",1295,FALSE
"1296",1296,FALSE
"1297",1297,TRUE
"1298",1298,FALSE
"1299",1299,TRUE
"1300",1300,FALSE
"1301",1301,FALSE
"1302",1302,FALSE
"1303",1303,TRUE
"1304",1304,TRUE
"1305",1305,FALSE
"1306",1306,FALSE
"1307",1307,FALSE
"1308",1308,FALSE
"1309",1309,TRUE
"1310",1310,FALSE
"1311",1311,TRUE
"1312",1312,FALSE
"1313",1313,FALSE
"1314",1314,FALSE
"1315",1315,FALSE
"1316",1316,FALSE
"1317",1317,FALSE
"1318",1318,FALSE
"1319",1319,FALSE
"1320",1320,FALSE
"1321",1321,TRUE
"1322",1322,FALSE
"1323",1323,FALSE
"1324",1324,FALSE
"1325",1325,FALSE
"1326",1326,FALSE
"1327",1327,FALSE
"1328",1328,FALSE
"1329",1329,FALSE
"1330",1330,FALSE
"1331",1331,FALSE
"1332",1332,FALSE
"1333",1333,FALSE
"1334",1334,FALSE
"1335",1335,FALSE
"1336",1336,FALSE
"1337",1337,FALSE
"1338",1338,FALSE
"1339",1339,FALSE
"1340",1340,FALSE
"1341",1341,FALSE
"1342",1342,FALSE
"1343",1343,FALSE
"1344",1344,FALSE
"1345",1345,FALSE
"1346",1346,FALSE
"1347",1347,FALSE
"1348",1348,FALSE
"1349",1349,TRUE
"1350",1350,FALSE
"1351",1351,FALSE
"1352",1352,FALSE
"1353",1353,FALSE
"1354",1354,FALSE
"1355",1355,FALSE
"1356",1356,FALSE
"1357",1357,FALSE
"1358",1358,FALSE
"1359",1359,FALSE
"1360",1360,FALSE
"1361",1361,FALSE
"1362",1362,FALSE
"1363",1363,TRUE
"1364",1364,FALSE
"1365",1365,FALSE
"1366",1366,FALSE
"1367",1367,FALSE
"1368",1368,FALSE
"1369",1369,FALSE
"1370",1370,FALSE
"1371",1371,FALSE
"1372",1372,FALSE
"1373",1373,TRUE
"1374",1374,FALSE
"1375",1375,FALSE
"1376",1376,FALSE
"1377",1377,FALSE
"1378",1378,FALSE
"1379",1379,FALSE
"1380",1380,FALSE
"1381",1381,TRUE
"1382",1382,FALSE
"1383",1383,TRUE
"1384",1384,FALSE
"1385",1385,FALSE
"1386",1386,FALSE
"1387",1387,FALSE
"1388",1388,TRUE
"1389",1389,FALSE
"1390",1390,FALSE
"1391",1391,TRUE
"1392",1392,TRUE
"1393",1393,FALSE
"1394",1394,TRUE
"1395",1395,FALSE
"1396",1396,FALSE
"1397",1397,FALSE
"1398",1398,FALSE
"1399",1399,TRUE
"1400",1400,FALSE
"1401",1401,FALSE
"1402",1402,FALSE
"1403",1403,FALSE
"1404",1404,FALSE
"1405",1405,FALSE
"1406",1406,FALSE
"1407",1407,FALSE
"1408",1408,TRUE
"1409",1409,FALSE
"1410",1410,FALSE
"1411",1411,FALSE
"1412",1412,FALSE
"1413",1413,TRUE
"1414",1414,FALSE
"1415",1415,FALSE
"1416",1416,FALSE
"1417",1417,FALSE
"1418",1418,FALSE
"1419",1419,FALSE
"1420",1420,FALSE
"1421",1421,FALSE
"1422",1422,FALSE
"1423",1423,FALSE
"1424",1424,FALSE
"1425",1425,FALSE
"1426",1426,FALSE
"1427",1427,FALSE
"1428",1428,FALSE
"1429",1429,FALSE
"1430",1430,FALSE
"1431",1431,TRUE
"1432",1432,TRUE
"1433",1433,FALSE
"1434",1434,FALSE
"1435",1435,FALSE
"1436",1436,FALSE
"1437",1437,FALSE
"1438",1438,FALSE
"1439",1439,FALSE
"1440",1440,FALSE
"1441",1441,FALSE
"1442",1442,FALSE
"1443",1443,FALSE
"1444",1444,FALSE
"1445",1445,FALSE
"1446",1446,FALSE
"1447",1447,FALSE
"1448",1448,FALSE
"1449",1449,FALSE
"1450",1450,FALSE
"1451",1451,FALSE
"1452",1452,FALSE
"1453",1453,FALSE
"1454",1454,FALSE
"1455",1455,FALSE
"1456",1456,FALSE
"1457",1457,TRUE
"1458",1458,FALSE
"1459",1459,FALSE
"1460",1460,FALSE
"1461",1461,FALSE
"1462",1462,FALSE
"1463",1463,FALSE
"1464",1464,FALSE
"1465",1465,FALSE
"1466",1466,FALSE
"1467",1467,FALSE
"1468",1468,FALSE
"1469",1469,FALSE
"1470",1470,FALSE
"1471",1471,TRUE
"1472",1472,FALSE
"1473",1473,FALSE
"1474",1474,FALSE
"1475",1475,FALSE
"1476",1476,FALSE
"1477",1477,FALSE
"1478",1478,FALSE
"1479",1479,FALSE
"1480",1480,FALSE
"1481",1481,FALSE
"1482",1482,FALSE
"1483",1483,FALSE
"1484",1484,FALSE
"1485",1485,FALSE
"1486",1486,FALSE
"1487",1487,FALSE
"1488",1488,FALSE
"1489",1489,FALSE
"1490",1490,FALSE
"1491",1491,FALSE
"1492",1492,FALSE
"1493",1493,FALSE
"1494",1494,FALSE
"1495",1495,FALSE
"1496",1496,FALSE
"1497",1497,FALSE
"1498",1498,TRUE
"1499",1499,TRUE
"1500",1500,FALSE
"1501",1501,FALSE
"1502",1502,FALSE
"1503",1503,FALSE
"1504",1504,FALSE
"1505",1505,FALSE
"1506",1506,FALSE
"1507",1507,FALSE
"1508",1508,FALSE
"1509",1509,FALSE
"1510",1510,FALSE
"1511",1511,FALSE
"1512",1512,FALSE
"1513",1513,FALSE
"1514",1514,FALSE
"1515",1515,FALSE
"1516",1516,FALSE
"1517",1517,FALSE
"1518",1518,FALSE
"1519",1519,FALSE
"1520",1520,FALSE
"1521",1521,FALSE
"1522",1522,FALSE
"1523",1523,FALSE
"1524",1524,FALSE
"1525",1525,FALSE
"1526",1526,TRUE
"1527",1527,FALSE
"1528",1528,FALSE
"1529",1529,FALSE
"1530",1530,FALSE
"1531",1531,FALSE
"1532",1532,FALSE
"1533",1533,FALSE
"1534",1534,FALSE
"1535",1535,FALSE
"1536",1536,FALSE
"1537",1537,FALSE
"1538",1538,FALSE
"1539",1539,FALSE
"1540",1540,FALSE
"1541",1541,FALSE
"1542",1542,FALSE
"1543",1543,FALSE
"1544",1544,FALSE
"1545",1545,FALSE
"1546",1546,FALSE
"1547",1547,FALSE
"1548",1548,FALSE
"1549",1549,FALSE
"1550",1550,FALSE
"1551",1551,FALSE
"1552",1552,FALSE
"1553",1553,FALSE
"1554",1554,FALSE
"1555",1555,FALSE
"1556",1556,FALSE
"1557",1557,FALSE
"1558",1558,FALSE
"1559",1559,FALSE
"1560",1560,FALSE
"1561",1561,FALSE
"1562",1562,FALSE
"1563",1563,FALSE
"1564",1564,FALSE
"1565",1565,FALSE
"1566",1566,FALSE
"1567",1567,FALSE
"1568",1568,FALSE
"1569",1569,FALSE
"1570",1570,FALSE
"1571",1571,FALSE
"1572",1572,FALSE
"1573",1573,FALSE
"1574",1574,FALSE
"1575",1575,FALSE
"1576",1576,FALSE
"1577",1577,FALSE
"1578",1578,FALSE
"1579",1579,FALSE
"1580",1580,FALSE
"1581",1581,FALSE
"1582",1582,FALSE
"1583",1583,FALSE
"1584",1584,FALSE
"1585",1585,FALSE
"1586",1586,FALSE
"1587",1587,FALSE
"1588",1588,TRUE
"1589",1589,FALSE
"1590",1590,FALSE
"1591",1591,FALSE
"1592",1592,FALSE
"1593",1593,FALSE
"1594",1594,FALSE
"1595",1595,FALSE
"1596",1596,FALSE
"1597",1597,FALSE
"1598",1598,FALSE
"1599",1599,FALSE
"1600",1600,FALSE
"1601",1601,TRUE
"1602",1602,FALSE
"1603",1603,FALSE
"1604",1604,FALSE
"1605",1605,FALSE
"1606",1606,FALSE
"1607",1607,TRUE
"1608",1608,FALSE
"1609",1609,FALSE
"1610",1610,FALSE
"1611",1611,FALSE
"1612",1612,FALSE
"1613",1613,FALSE
"1614",1614,FALSE
"1615",1615,FALSE
"1616",1616,FALSE
"1617",1617,FALSE
"1618",1618,FALSE
"1619",1619,FALSE
"1620",1620,FALSE
"1621",1621,FALSE
"1622",1622,FALSE
"1623",1623,FALSE
"1624",1624,FALSE
"1625",1625,FALSE
"1626",1626,FALSE
"1627",1627,FALSE
"1628",1628,FALSE
"1629",1629,FALSE
"1630",1630,FALSE
"1631",1631,FALSE
"1632",1632,TRUE
"1633",1633,FALSE
"1634",1634,FALSE
"1635",1635,FALSE
"1636",1636,FALSE
"1637",1637,FALSE
"1638",1638,FALSE
"1639",1639,FALSE
"1640",1640,FALSE
"1641",1641,FALSE
"1642",1642,FALSE
"1643",1643,FALSE
"1644",1644,FALSE
"1645",1645,TRUE
"1646",1646,FALSE
"1647",1647,FALSE
"1648",1648,TRUE
"1649",1649,FALSE
"1650",1650,FALSE
"1651",1651,FALSE
"1652",1652,FALSE
"1653",1653,FALSE
"1654",1654,FALSE
"1655",1655,FALSE
"1656",1656,FALSE
"1657",1657,FALSE
"1658",1658,FALSE
"1659",1659,FALSE
"1660",1660,FALSE
"1661",1661,FALSE
"1662",1662,FALSE
"1663",1663,FALSE
"1664",1664,FALSE
"1665",1665,FALSE
"1666",1666,FALSE
"1667",1667,FALSE
"1668",1668,FALSE
"1669",1669,FALSE
"1670",1670,FALSE
"1671",1671,FALSE
"1672",1672,FALSE
"1673",1673,FALSE
"1674",1674,TRUE
"1675",1675,TRUE
"1676",1676,FALSE
"1677",1677,FALSE
"1678",1678,FALSE
"1679",1679,FALSE
"1680",1680,FALSE
"1681",1681,FALSE
"1682",1682,TRUE
"1683",1683,FALSE
"1684",1684,FALSE
"1685",1685,FALSE
"1686",1686,FALSE
"1687",1687,FALSE
"1688",1688,FALSE
"1689",1689,FALSE
"1690",1690,FALSE
"1691",1691,FALSE
"1692",1692,FALSE
"1693",1693,FALSE
"1694",1694,FALSE
"1695",1695,FALSE
"1696",1696,FALSE
"1697",1697,FALSE
"1698",1698,FALSE
"1699",1699,FALSE
"1700",1700,FALSE
"1701",1701,FALSE
"1702",1702,FALSE
"1703",1703,FALSE
"1704",1704,FALSE
"1705",1705,FALSE
"1706",1706,TRUE
"1707",1707,FALSE
"1708",1708,TRUE
"1709",1709,FALSE
"1710",1710,FALSE
"1711",1711,TRUE
"1712",1712,FALSE
"1713",1713,FALSE
"1714",1714,FALSE
"1715",1715,FALSE
"1716",1716,FALSE
"1717",1717,FALSE
"1718",1718,FALSE
"1719",1719,FALSE
"1720",1720,FALSE
"1721",1721,FALSE
"1722",1722,FALSE
"1723",1723,FALSE
"1724",1724,FALSE
"1725",1725,FALSE
"1726",1726,FALSE
"1727",1727,FALSE
"1728",1728,FALSE
"1729",1729,FALSE
"1730",1730,FALSE
"1731",1731,FALSE
"1732",1732,FALSE
"1733",1733,FALSE
"1734",1734,FALSE
"1735",1735,FALSE
"1736",1736,FALSE
"1737",1737,FALSE
"1738",1738,FALSE
"1739",1739,FALSE
"1740",1740,FALSE
"1741",1741,FALSE
"1742",1742,FALSE
"1743",1743,FALSE
"1744",1744,FALSE
"1745",1745,FALSE
"1746",1746,FALSE
"1747",1747,FALSE
"1748",1748,FALSE
"1749",1749,TRUE
"1750",1750,FALSE
"1751",1751,FALSE
"1752",1752,FALSE
"1753",1753,FALSE
"1754",1754,FALSE
"1755",1755,FALSE
"1756",1756,FALSE
"1757",1757,FALSE
"1758",1758,TRUE
"1759",1759,FALSE
"1760",1760,FALSE
"1761",1761,FALSE
"1762",1762,FALSE
"1763",1763,FALSE
"1764",1764,FALSE
"1765",1765,FALSE
"1766",1766,FALSE
"1767",1767,FALSE
"1768",1768,FALSE
"1769",1769,FALSE
"1770",1770,FALSE
"1771",1771,FALSE
"1772",1772,FALSE
"1773",1773,FALSE
"1774",1774,FALSE
"1775",1775,FALSE
"1776",1776,FALSE
"1777",1777,FALSE
"1778",1778,FALSE
"1779",1779,FALSE
"1780",1780,FALSE
"1781",1781,FALSE
"1782",1782,TRUE
"1783",1783,FALSE
"1784",1784,FALSE
"1785",1785,FALSE
"1786",1786,FALSE
"1787",1787,FALSE
"1788",1788,FALSE
"1789",1789,FALSE
"1790",1790,TRUE
"1791",1791,FALSE
"1792",1792,FALSE
"1793",1793,FALSE
"1794",1794,FALSE
"1795",1795,FALSE
"1796",1796,FALSE
"1797",1797,FALSE
"1798",1798,FALSE
"1799",1799,FALSE
"1800",1800,FALSE
"1801",1801,FALSE
"1802",1802,FALSE
"1803",1803,TRUE
"1804",1804,FALSE
"1805",1805,FALSE
"1806",1806,FALSE
"1807",1807,FALSE
"1808",1808,FALSE
"1809",1809,FALSE
"1810",1810,FALSE
"1811",1811,FALSE
"1812",1812,TRUE
"1813",1813,FALSE
"1814",1814,FALSE
"1815",1815,FALSE
"1816",1816,FALSE
"1817",1817,FALSE
"1818",1818,FALSE
"1819",1819,FALSE
"1820",1820,FALSE
"1821",1821,FALSE
"1822",1822,TRUE
"1823",1823,FALSE
"1824",1824,FALSE
"1825",1825,FALSE
"1826",1826,FALSE
"1827",1827,FALSE
"1828",1828,FALSE
"1829",1829,FALSE
"1830",1830,TRUE
"1831",1831,FALSE
"1832",1832,TRUE
"1833",1833,FALSE
"1834",1834,FALSE
"1835",1835,FALSE
"1836",1836,FALSE
"1837",1837,TRUE
"1838",1838,FALSE
"1839",1839,FALSE
"1840",1840,FALSE
"1841",1841,FALSE
"1842",1842,FALSE
"1843",1843,TRUE
"1844",1844,FALSE
"1845",1845,FALSE
"1846",1846,FALSE
"1847",1847,TRUE
"1848",1848,TRUE
"1849",1849,FALSE
"1850",1850,FALSE
"1851",1851,TRUE
"1852",1852,FALSE
"1853",1853,FALSE
"1854",1854,FALSE
"1855",1855,FALSE
"1856",1856,FALSE
"1857",1857,TRUE
"1858",1858,FALSE
"1859",1859,FALSE
"1860",1860,FALSE
"1861",1861,FALSE
"1862",1862,FALSE
"1863",1863,TRUE
"1864",1864,FALSE
"1865",1865,FALSE
"1866",1866,FALSE
"1867",1867,FALSE
"1868",1868,FALSE
"1869",1869,FALSE
"1870",1870,FALSE
"1871",1871,FALSE
"1872",1872,FALSE
"1873",1873,FALSE
"1874",1874,FALSE
"1875",1875,FALSE
"1876",1876,FALSE
"1877",1877,FALSE
"1878",1878,FALSE
"1879",1879,FALSE
"1880",1880,FALSE
"1881",1881,TRUE
"1882",1882,FALSE
"1883",1883,FALSE
"1884",1884,FALSE
"1885",1885,FALSE
"1886",1886,FALSE
"1887",1887,TRUE
"1888",1888,FALSE
"1889",1889,FALSE
"1890",1890,FALSE
"1891",1891,FALSE
"1892",1892,FALSE
"1893",1893,FALSE
"1894",1894,FALSE
"1895",1895,FALSE
"1896",1896,FALSE
"1897",1897,FALSE
"1898",1898,TRUE
"1899",1899,FALSE
"1900",1900,TRUE
"1901",1901,FALSE
"1902",1902,FALSE
"1903",1903,FALSE
"1904",1904,FALSE
"1905",1905,FALSE
"1906",1906,FALSE
"1907",1907,FALSE
"1908",1908,FALSE
"1909",1909,FALSE
"1910",1910,FALSE
"1911",1911,TRUE
"1912",1912,FALSE
"1913",1913,FALSE
"1914",1914,FALSE
"1915",1915,FALSE
"1916",1916,TRUE
"1917",1917,FALSE
"1918",1918,FALSE
"1919",1919,FALSE
"1920",1920,FALSE
"1921",1921,FALSE
"1922",1922,FALSE
"1923",1923,FALSE
"1924",1924,FALSE
"1925",1925,FALSE
"1926",1926,FALSE
"1927",1927,FALSE
"1928",1928,FALSE
"1929",1929,FALSE
"1930",1930,FALSE
"1931",1931,FALSE
"1932",1932,FALSE
"1933",1933,FALSE
"1934",1934,FALSE
"1935",1935,FALSE
"1936",1936,TRUE
"1937",1937,FALSE
"1938",1938,FALSE
"1939",1939,FALSE
"1940",1940,FALSE
"1941",1941,FALSE
"1942",1942,TRUE
"1943",1943,TRUE
"1944",1944,TRUE
"1945",1945,FALSE
"1946",1946,FALSE
"1947",1947,FALSE
"1948",1948,FALSE
"1949",1949,FALSE
"1950",1950,FALSE
"1951",1951,FALSE
"1952",1952,FALSE
"1953",1953,FALSE
"1954",1954,FALSE
"1955",1955,FALSE
"1956",1956,FALSE
"1957",1957,FALSE
"1958",1958,FALSE
"1959",1959,FALSE
"1960",1960,FALSE
"1961",1961,FALSE
"1962",1962,FALSE
"1963",1963,FALSE
"1964",1964,FALSE
"1965",1965,FALSE
"1966",1966,FALSE
"1967",1967,FALSE
"1968",1968,FALSE
"1969",1969,FALSE
"1970",1970,FALSE
"1971",1971,FALSE
"1972",1972,FALSE
"1973",1973,FALSE
"1974",1974,FALSE
"1975",1975,FALSE
"1976",1976,FALSE
"1977",1977,FALSE
"1978",1978,FALSE
"1979",1979,FALSE
"1980",1980,FALSE
"1981",1981,FALSE
"1982",1982,FALSE
"1983",1983,FALSE
"1984",1984,FALSE
"1985",1985,FALSE
"1986",1986,FALSE
"1987",1987,FALSE
"1988",1988,FALSE
"1989",1989,TRUE
"1990",1990,FALSE
"1991",1991,FALSE
"1992",1992,FALSE
"1993",1993,FALSE
"1994",1994,TRUE
"1995",1995,FALSE
"1996",1996,FALSE
"1997",1997,FALSE
"1998",1998,FALSE
"1999",1999,FALSE
"2000",2000,FALSE
"2001",2001,FALSE
"2002",2002,FALSE
"2003",2003,FALSE
"2004",2004,FALSE
"2005",2005,FALSE
"2006",2006,FALSE
"2007",2007,FALSE
"2008",2008,FALSE
"2009",2009,FALSE
"2010",2010,FALSE
"2011",2011,FALSE
"2012",2012,FALSE
"2013",2013,FALSE
"2014",2014,TRUE
"2015",2015,FALSE
"2016",2016,TRUE
"2017",2017,FALSE
"2018",2018,FALSE
"2019",2019,FALSE
"2020",2020,FALSE
"2021",2021,FALSE
"2022",2022,TRUE
"2023",2023,FALSE
"2024",2024,FALSE
"2025",2025,FALSE
"2026",2026,FALSE
"2027",2027,FALSE
"2028",2028,FALSE
"2029",2029,TRUE
"2030",2030,FALSE
"2031",2031,FALSE
"2032",2032,FALSE
"2033",2033,FALSE
"2034",2034,FALSE
"2035",2035,FALSE
"2036",2036,FALSE
"2037",2037,FALSE
"2038",2038,FALSE
"2039",2039,FALSE
"2040",2040,FALSE
"2041",2041,FALSE
"2042",2042,TRUE
"2043",2043,TRUE
"2044",2044,TRUE
"2045",2045,FALSE
"2046",2046,FALSE
"2047",2047,FALSE
"2048",2048,FALSE
"2049",2049,FALSE
"2050",2050,FALSE
"2051",2051,FALSE
"2052",2052,FALSE
"2053",2053,FALSE
"2054",2054,FALSE
"2055",2055,TRUE
"2056",2056,FALSE
"2057",2057,FALSE
"2058",2058,FALSE
"2059",2059,FALSE
"2060",2060,FALSE
"2061",2061,FALSE
"2062",2062,FALSE
"2063",2063,FALSE
"2064",2064,TRUE
"2065",2065,FALSE
"2066",2066,TRUE
"2067",2067,FALSE
"2068",2068,FALSE
"2069",2069,FALSE
"2070",2070,FALSE
"2071",2071,TRUE
"2072",2072,FALSE
"2073",2073,FALSE
"2074",2074,FALSE
"2075",2075,FALSE
"2076",2076,FALSE
"2077",2077,FALSE
"2078",2078,FALSE
"2079",2079,FALSE
"2080",2080,FALSE
"2081",2081,FALSE
"2082",2082,FALSE
"2083",2083,FALSE
"2084",2084,FALSE
"2085",2085,FALSE
"2086",2086,FALSE
"2087",2087,FALSE
"2088",2088,FALSE
"2089",2089,FALSE
"2090",2090,FALSE
"2091",2091,FALSE
"2092",2092,FALSE
"2093",2093,FALSE
"2094",2094,FALSE
"2095",2095,TRUE
"2096",2096,FALSE
"2097",2097,FALSE
"2098",2098,FALSE
"2099",2099,FALSE
"2100",2100,FALSE
"2101",2101,FALSE
"2102",2102,FALSE
"2103",2103,FALSE
"2104",2104,TRUE
"2105",2105,FALSE
"2106",2106,FALSE
"2107",2107,FALSE
"2108",2108,FALSE
"2109",2109,FALSE
"2110",2110,FALSE
"2111",2111,FALSE
"2112",2112,FALSE
"2113",2113,TRUE
"2114",2114,FALSE
"2115",2115,FALSE
"2116",2116,FALSE
"2117",2117,FALSE
"2118",2118,FALSE
"2119",2119,FALSE
"2120",2120,FALSE
"2121",2121,FALSE
"2122",2122,FALSE
"2123",2123,FALSE
"2124",2124,FALSE
"2125",2125,FALSE
"2126",2126,FALSE
"2127",2127,FALSE
"2128",2128,TRUE
"2129",2129,FALSE
"2130",2130,FALSE
"2131",2131,FALSE
"2132",2132,TRUE
"2133",2133,FALSE
"2134",2134,FALSE
"2135",2135,FALSE
"2136",2136,FALSE
"2137",2137,FALSE
"2138",2138,FALSE
"2139",2139,FALSE
"2140",2140,FALSE
"2141",2141,FALSE
"2142",2142,FALSE
"2143",2143,FALSE
"2144",2144,FALSE
"2145",2145,TRUE
"2146",2146,FALSE
"2147",2147,FALSE
"2148",2148,FALSE
"2149",2149,FALSE
"2150",2150,FALSE
"2151",2151,FALSE
"2152",2152,FALSE
"2153",2153,FALSE
"2154",2154,FALSE
"2155",2155,FALSE
"2156",2156,FALSE
"2157",2157,FALSE
"2158",2158,FALSE
"2159",2159,FALSE
"2160",2160,FALSE
"2161",2161,FALSE
"2162",2162,FALSE
"2163",2163,FALSE
"2164",2164,FALSE
"2165",2165,FALSE
"2166",2166,FALSE
"2167",2167,FALSE
"2168",2168,FALSE
"2169",2169,FALSE
"2170",2170,FALSE
"2171",2171,FALSE
"2172",2172,FALSE
"2173",2173,FALSE
"2174",2174,FALSE
"2175",2175,FALSE
"2176",2176,FALSE
"2177",2177,FALSE
"2178",2178,FALSE
"2179",2179,FALSE
"2180",2180,FALSE
"2181",2181,FALSE
"2182",2182,FALSE
"2183",2183,FALSE
"2184",2184,FALSE
"2185",2185,FALSE
"2186",2186,FALSE
"2187",2187,FALSE
"2188",2188,FALSE
"2189",2189,FALSE
"2190",2190,FALSE
"2191",2191,FALSE
"2192",2192,FALSE
"2193",2193,FALSE
"2194",2194,FALSE
"2195",2195,FALSE
"2196",2196,FALSE
"2197",2197,FALSE
"2198",2198,FALSE
"2199",2199,FALSE
"2200",2200,FALSE
"2201",2201,FALSE
"2202",2202,FALSE
"2203",2203,FALSE
"2204",2204,FALSE
"2205",2205,FALSE
"2206",2206,FALSE
"2207",2207,FALSE
"2208",2208,FALSE
"2209",2209,FALSE
"2210",2210,FALSE
"2211",2211,FALSE
"2212",2212,FALSE
"2213",2213,FALSE
"2214",2214,FALSE
"2215",2215,FALSE
"2216",2216,FALSE
"2217",2217,FALSE
"2218",2218,FALSE
"2219",2219,FALSE
"2220",2220,FALSE
"2221",2221,FALSE
"2222",2222,FALSE
"2223",2223,FALSE
"2224",2224,FALSE
"2225",2225,FALSE
"2226",2226,FALSE
"2227",2227,FALSE
"2228",2228,FALSE
"2229",2229,FALSE
"2230",2230,FALSE
"2231",2231,FALSE
"2232",2232,FALSE
"2233",2233,FALSE
"2234",2234,FALSE
"2235",2235,FALSE
"2236",2236,FALSE
"2237",2237,FALSE
"2238",2238,FALSE
"2239",2239,FALSE
"2240",2240,FALSE
"2241",2241,FALSE
"2242",2242,FALSE
"2243",2243,FALSE
"2244",2244,FALSE
"2245",2245,FALSE
"2246",2246,FALSE
"2247",2247,FALSE
"2248",2248,FALSE
"2249",2249,FALSE
"2250",2250,FALSE
"2251",2251,FALSE
"2252",2252,FALSE
"2253",2253,FALSE
"2254",2254,TRUE
"2255",2255,FALSE
"2256",2256,FALSE
"2257",2257,FALSE
"2258",2258,FALSE
"2259",2259,FALSE
"2260",2260,FALSE
"2261",2261,FALSE
"2262",2262,FALSE
"2263",2263,FALSE
"2264",2264,FALSE
"2265",2265,FALSE
"2266",2266,FALSE
"2267",2267,FALSE
"2268",2268,TRUE
"2269",2269,FALSE
"2270",2270,FALSE
"2271",2271,FALSE
"2272",2272,FALSE
"2273",2273,FALSE
"2274",2274,FALSE
"2275",2275,FALSE
"2276",2276,FALSE
"2277",2277,FALSE
"2278",2278,FALSE
"2279",2279,FALSE
"2280",2280,FALSE
"2281",2281,FALSE
"2282",2282,FALSE
"2283",2283,FALSE
"2284",2284,FALSE
"2285",2285,FALSE
"2286",2286,FALSE
"2287",2287,FALSE
"2288",2288,FALSE
"2289",2289,FALSE
"2290",2290,FALSE
"2291",2291,FALSE
"2292",2292,FALSE
"2293",2293,FALSE
"2294",2294,FALSE
"2295",2295,FALSE
"2296",2296,FALSE
"2297",2297,FALSE
"2298",2298,FALSE
"2299",2299,FALSE
"2300",2300,FALSE
"2301",2301,FALSE
"2302",2302,FALSE
"2303",2303,FALSE
"2304",2304,FALSE
"2305",2305,FALSE
"2306",2306,FALSE
"2307",2307,FALSE
"2308",2308,FALSE
"2309",2309,FALSE
"2310",2310,FALSE
"2311",2311,FALSE
"2312",2312,FALSE
"2313",2313,FALSE
"2314",2314,FALSE
"2315",2315,FALSE
"2316",2316,FALSE
"2317",2317,FALSE
"2318",2318,FALSE
"2319",2319,FALSE
"2320",2320,FALSE
"2321",2321,FALSE
"2322",2322,FALSE
"2323",2323,FALSE
"2324",2324,FALSE
"2325",2325,FALSE
"2326",2326,FALSE
"2327",2327,FALSE
"2328",2328,FALSE
"2329",2329,FALSE
"2330",2330,FALSE
"2331",2331,FALSE
"2332",2332,FALSE
"2333",2333,FALSE
"2334",2334,FALSE
"2335",2335,FALSE
"2336",2336,FALSE
"2337",2337,FALSE
"2338",2338,FALSE
"2339",2339,FALSE
"2340",2340,FALSE
"2341",2341,FALSE
"2342",2342,FALSE
"2343",2343,FALSE
"2344",2344,FALSE
"2345",2345,FALSE
"2346",2346,FALSE
"2347",2347,FALSE
"2348",2348,FALSE
"2349",2349,FALSE
"2350",2350,FALSE
"2351",2351,FALSE
"2352",2352,FALSE
"2353",2353,FALSE
"2354",2354,FALSE
"2355",2355,FALSE
"2356",2356,FALSE
"2357",2357,FALSE
"2358",2358,FALSE
"2359",2359,TRUE
"2360",2360,FALSE
"2361",2361,FALSE
"2362",2362,FALSE
"2363",2363,FALSE
"2364",2364,FALSE
"2365",2365,FALSE
"2366",2366,TRUE
"2367",2367,FALSE
"2368",2368,FALSE
"2369",2369,FALSE
"2370",2370,FALSE
"2371",2371,FALSE
"2372",2372,FALSE
"2373",2373,TRUE
"2374",2374,FALSE
"2375",2375,FALSE
"2376",2376,FALSE
"2377",2377,FALSE
"2378",2378,FALSE
"2379",2379,FALSE
"2380",2380,FALSE
"2381",2381,FALSE
"2382",2382,FALSE
"2383",2383,FALSE
"2384",2384,FALSE
"2385",2385,FALSE
"2386",2386,FALSE
"2387",2387,FALSE
"2388",2388,FALSE
"2389",2389,FALSE
"2390",2390,FALSE
"2391",2391,FALSE
"2392",2392,FALSE
"2393",2393,FALSE
"2394",2394,FALSE
"2395",2395,FALSE
"2396",2396,FALSE
"2397",2397,TRUE
"2398",2398,FALSE
"2399",2399,FALSE
"2400",2400,FALSE
"2401",2401,FALSE
"2402",2402,FALSE
"2403",2403,FALSE
"2404",2404,FALSE
"2405",2405,FALSE
"2406",2406,FALSE
"2407",2407,FALSE
"2408",2408,FALSE
"2409",2409,FALSE
"2410",2410,TRUE
"2411",2411,FALSE
"2412",2412,FALSE
"2413",2413,FALSE
"2414",2414,FALSE
"2415",2415,TRUE
"2416",2416,FALSE
"2417",2417,TRUE
"2418",2418,FALSE
"2419",2419,FALSE
"2420",2420,TRUE
"2421",2421,FALSE
"2422",2422,TRUE
"2423",2423,FALSE
"2424",2424,FALSE
"2425",2425,FALSE
"2426",2426,FALSE
"2427",2427,FALSE
"2428",2428,FALSE
"2429",2429,FALSE
"2430",2430,FALSE
"2431",2431,FALSE
"2432",2432,FALSE
"2433",2433,FALSE
"2434",2434,FALSE
"2435",2435,FALSE
"2436",2436,TRUE
"2437",2437,FALSE
"2438",2438,FALSE
"2439",2439,FALSE
"2440",2440,TRUE
"2441",2441,FALSE
"2442",2442,FALSE
"2443",2443,FALSE
"2444",2444,FALSE
"2445",2445,FALSE
"2446",2446,FALSE
"2447",2447,FALSE
"2448",2448,FALSE
"2449",2449,FALSE
"2450",2450,FALSE
"2451",2451,FALSE
"2452",2452,FALSE
"2453",2453,FALSE
"2454",2454,FALSE
"2455",2455,FALSE
"2456",2456,FALSE
"2457",2457,FALSE
"2458",2458,FALSE
"2459",2459,FALSE
"2460",2460,FALSE
"2461",2461,FALSE
"2462",2462,FALSE
"2463",2463,FALSE
"2464",2464,FALSE
"2465",2465,FALSE
"2466",2466,FALSE
"2467",2467,FALSE
"2468",2468,FALSE
"2469",2469,FALSE
"2470",2470,FALSE
"2471",2471,FALSE
"2472",2472,FALSE
"2473",2473,FALSE
"2474",2474,FALSE
"2475",2475,FALSE
"2476",2476,TRUE
"2477",2477,FALSE
"2478",2478,FALSE
"2479",2479,FALSE
"2480",2480,FALSE
"2481",2481,FALSE
"2482",2482,FALSE
"2483",2483,FALSE
"2484",2484,FALSE
"2485",2485,FALSE
"2486",2486,TRUE
"2487",2487,FALSE
"2488",2488,FALSE
"2489",2489,FALSE
"2490",2490,FALSE
"2491",2491,TRUE
"2492",2492,FALSE
"2493",2493,FALSE
"2494",2494,FALSE
"2495",2495,TRUE
"2496",2496,FALSE
"2497",2497,FALSE
"2498",2498,FALSE
"2499",2499,FALSE
"2500",2500,FALSE
"2501",2501,FALSE
"2502",2502,FALSE
"2503",2503,FALSE
"2504",2504,FALSE
"2505",2505,FALSE
"2506",2506,FALSE
"2507",2507,FALSE
"2508",2508,FALSE
"2509",2509,FALSE
"2510",2510,FALSE
"2511",2511,FALSE
"2512",2512,FALSE
"2513",2513,FALSE
"2514",2514,FALSE
"2515",2515,FALSE
"2516",2516,FALSE
"2517",2517,FALSE
"2518",2518,FALSE
"2519",2519,FALSE
"2520",2520,FALSE
"2521",2521,FALSE
"2522",2522,FALSE
"2523",2523,FALSE
"2524",2524,FALSE
"2525",2525,FALSE
"2526",2526,FALSE
"2527",2527,FALSE
"2528",2528,FALSE
"2529",2529,FALSE
"2530",2530,FALSE
"2531",2531,FALSE
"2532",2532,FALSE
"2533",2533,FALSE
"2534",2534,FALSE
"2535",2535,FALSE
"2536",2536,FALSE
"2537",2537,FALSE
"2538",2538,FALSE
"2539",2539,FALSE
"2540",2540,FALSE
"2541",2541,TRUE
"2542",2542,FALSE
"2543",2543,FALSE
"2544",2544,FALSE
"2545",2545,FALSE
"2546",2546,FALSE
"2547",2547,FALSE
"2548",2548,FALSE
"2549",2549,FALSE
"2550",2550,FALSE
"2551",2551,FALSE
"2552",2552,FALSE
"2553",2553,FALSE
"2554",2554,FALSE
"2555",2555,FALSE
"2556",2556,FALSE
"2557",2557,FALSE
"2558",2558,FALSE
"2559",2559,FALSE
"2560",2560,FALSE
"2561",2561,FALSE
"2562",2562,FALSE
"2563",2563,FALSE
"2564",2564,FALSE
"2565",2565,FALSE
"2566",2566,FALSE
"2567",2567,FALSE
"2568",2568,FALSE
"2569",2569,FALSE
"2570",2570,FALSE
"2571",2571,FALSE
"2572",2572,FALSE
"2573",2573,FALSE
"2574",2574,FALSE
"2575",2575,FALSE
"2576",2576,FALSE
"2577",2577,FALSE
"2578",2578,FALSE
"2579",2579,FALSE
"2580",2580,FALSE
"2581",2581,FALSE
"2582",2582,FALSE
"2583",2583,FALSE
"2584",2584,FALSE
"2585",2585,FALSE
"2586",2586,FALSE
"2587",2587,FALSE
"2588",2588,FALSE
"2589",2589,FALSE
"2590",2590,FALSE
"2591",2591,FALSE
"2592",2592,FALSE
"2593",2593,FALSE
"2594",2594,FALSE
"2595",2595,FALSE
"2596",2596,FALSE
"2597",2597,FALSE
"2598",2598,FALSE
"2599",2599,FALSE
"2600",2600,FALSE
"2601",2601,FALSE
"2602",2602,FALSE
"2603",2603,FALSE
"2604",2604,FALSE
"2605",2605,FALSE
"2606",2606,FALSE
"2607",2607,FALSE
"2608",2608,FALSE
"2609",2609,FALSE
"2610",2610,FALSE
"2611",2611,FALSE
"2612",2612,FALSE
"2613",2613,FALSE
"2614",2614,FALSE
"2615",2615,FALSE
"2616",2616,FALSE
"2617",2617,FALSE
"2618",2618,TRUE
"2619",2619,FALSE
"2620",2620,FALSE
"2621",2621,FALSE
"2622",2622,FALSE
"2623",2623,TRUE
"2624",2624,FALSE
"2625",2625,FALSE
"2626",2626,FALSE
"2627",2627,FALSE
"2628",2628,FALSE
"2629",2629,FALSE
"2630",2630,FALSE
"2631",2631,FALSE
"2632",2632,FALSE
"2633",2633,FALSE
"2634",2634,FALSE
"2635",2635,FALSE
"2636",2636,FALSE
"2637",2637,TRUE
"2638",2638,FALSE
"2639",2639,FALSE
"2640",2640,FALSE
"2641",2641,FALSE
"2642",2642,FALSE
"2643",2643,FALSE
"2644",2644,FALSE
"2645",2645,FALSE
"2646",2646,FALSE
"2647",2647,FALSE
"2648",2648,FALSE
"2649",2649,TRUE
"2650",2650,FALSE
"2651",2651,FALSE
"2652",2652,FALSE
"2653",2653,FALSE
"2654",2654,FALSE
"2655",2655,FALSE
"2656",2656,FALSE
"2657",2657,FALSE
"2658",2658,FALSE
"2659",2659,FALSE
"2660",2660,FALSE
"2661",2661,FALSE
"2662",2662,FALSE
"2663",2663,FALSE
"2664",2664,FALSE
"2665",2665,FALSE
"2666",2666,FALSE
"2667",2667,FALSE
"2668",2668,FALSE
"2669",2669,FALSE
"2670",2670,FALSE
"2671",2671,FALSE
"2672",2672,FALSE
"2673",2673,FALSE
"2674",2674,FALSE
"2675",2675,FALSE
"2676",2676,FALSE
"2677",2677,FALSE
"2678",2678,FALSE
"2679",2679,FALSE
"2680",2680,FALSE
"2681",2681,FALSE
"2682",2682,FALSE
"2683",2683,FALSE
"2684",2684,FALSE
"2685",2685,FALSE
"2686",2686,FALSE
"2687",2687,FALSE
"2688",2688,FALSE
"2689",2689,FALSE
"2690",2690,FALSE
"2691",2691,FALSE
"2692",2692,FALSE
"2693",2693,FALSE
"2694",2694,FALSE
"2695",2695,FALSE
"2696",2696,FALSE
"2697",2697,FALSE
"2698",2698,FALSE
"2699",2699,FALSE
"2700",2700,FALSE
"2701",2701,FALSE
"2702",2702,FALSE
"2703",2703,FALSE
"2704",2704,FALSE
"2705",2705,FALSE
"2706",2706,FALSE
"2707",2707,FALSE
"2708",2708,FALSE
"2709",2709,FALSE
"2710",2710,TRUE
"2711",2711,FALSE
"2712",2712,TRUE
"2713",2713,FALSE
"2714",2714,FALSE
"2715",2715,FALSE
"2716",2716,FALSE
"2717",2717,FALSE
"2718",2718,FALSE
"2719",2719,FALSE
"2720",2720,FALSE
"2721",2721,FALSE
"2722",2722,FALSE
"2723",2723,FALSE
"2724",2724,FALSE
"2725",2725,FALSE
"2726",2726,FALSE
"2727",2727,FALSE
"2728",2728,FALSE
"2729",2729,FALSE
"2730",2730,TRUE
"2731",2731,FALSE
"2732",2732,FALSE
"2733",2733,FALSE
"2734",2734,FALSE
"2735",2735,FALSE
"2736",2736,FALSE
"2737",2737,FALSE
"2738",2738,FALSE
"2739",2739,FALSE
"2740",2740,FALSE
"2741",2741,FALSE
"2742",2742,FALSE
"2743",2743,FALSE
"2744",2744,FALSE
"2745",2745,FALSE
"2746",2746,FALSE
"2747",2747,FALSE
"2748",2748,TRUE
"2749",2749,FALSE
"2750",2750,FALSE
"2751",2751,FALSE
"2752",2752,FALSE
"2753",2753,FALSE
"2754",2754,TRUE
"2755",2755,FALSE
"2756",2756,FALSE
"2757",2757,FALSE
"2758",2758,FALSE
"2759",2759,FALSE
"2760",2760,FALSE
"2761",2761,FALSE
"2762",2762,FALSE
"2763",2763,FALSE
"2764",2764,FALSE
"2765",2765,FALSE
"2766",2766,FALSE
"2767",2767,FALSE
"2768",2768,FALSE
"2769",2769,FALSE
"2770",2770,TRUE
"2771",2771,TRUE
"2772",2772,FALSE
"2773",2773,FALSE
"2774",2774,FALSE
"2775",2775,FALSE
"2776",2776,FALSE
"2777",2777,TRUE
"2778",2778,FALSE
"2779",2779,FALSE
"2780",2780,FALSE
"2781",2781,FALSE
"2782",2782,FALSE
"2783",2783,FALSE
"2784",2784,FALSE
"2785",2785,FALSE
"2786",2786,FALSE
"2787",2787,FALSE
"2788",2788,FALSE
"2789",2789,FALSE
"2790",2790,FALSE
"2791",2791,TRUE
"2792",2792,FALSE
"2793",2793,FALSE
"2794",2794,TRUE
"2795",2795,FALSE
"2796",2796,FALSE
"2797",2797,FALSE
"2798",2798,FALSE
"2799",2799,FALSE
"2800",2800,FALSE
"2801",2801,FALSE
"2802",2802,FALSE
"2803",2803,FALSE
"2804",2804,TRUE
"2805",2805,FALSE
"2806",2806,FALSE
"2807",2807,FALSE
"2808",2808,FALSE
"2809",2809,FALSE
"2810",2810,FALSE
"2811",2811,FALSE
"2812",2812,FALSE
"2813",2813,FALSE
"2814",2814,FALSE
"2815",2815,FALSE
"2816",2816,FALSE
"2817",2817,FALSE
"2818",2818,TRUE
"2819",2819,FALSE
"2820",2820,FALSE
"2821",2821,FALSE
"2822",2822,FALSE
"2823",2823,FALSE
"2824",2824,FALSE
"2825",2825,FALSE
"2826",2826,FALSE
"2827",2827,FALSE
"2828",2828,TRUE
"2829",2829,FALSE
"2830",2830,FALSE
"2831",2831,FALSE
"2832",2832,FALSE
"2833",2833,FALSE
"2834",2834,FALSE
"2835",2835,FALSE
"2836",2836,FALSE
"2837",2837,FALSE
"2838",2838,FALSE
"2839",2839,FALSE
"2840",2840,FALSE
"2841",2841,FALSE
"2842",2842,FALSE
"2843",2843,FALSE
"2844",2844,FALSE
"2845",2845,FALSE
"2846",2846,TRUE
"2847",2847,FALSE
"2848",2848,FALSE
"2849",2849,TRUE
"2850",2850,FALSE
"2851",2851,FALSE
"2852",2852,FALSE
"2853",2853,FALSE
"2854",2854,FALSE
"2855",2855,TRUE
"2856",2856,FALSE
"2857",2857,FALSE
"2858",2858,FALSE
"2859",2859,FALSE
"2860",2860,FALSE
"2861",2861,FALSE
"2862",2862,FALSE
"2863",2863,FALSE
"2864",2864,FALSE
"2865",2865,FALSE
"2866",2866,FALSE
"2867",2867,FALSE
"2868",2868,FALSE
"2869",2869,FALSE
"2870",2870,FALSE
"2871",2871,FALSE
"2872",2872,FALSE
"2873",2873,FALSE
"2874",2874,FALSE
"2875",2875,FALSE
"2876",2876,FALSE
"2877",2877,FALSE
"2878",2878,FALSE
"2879",2879,FALSE
"2880",2880,FALSE
"2881",2881,FALSE
"2882",2882,FALSE
"2883",2883,FALSE
"2884",2884,FALSE
"2885",2885,FALSE
"2886",2886,FALSE
"2887",2887,FALSE
"2888",2888,FALSE
"2889",2889,FALSE
"2890",2890,FALSE
"2891",2891,FALSE
"2892",2892,FALSE
"2893",2893,FALSE
"2894",2894,FALSE
"2895",2895,FALSE
"2896",2896,FALSE
"2897",2897,FALSE
"2898",2898,FALSE
"2899",2899,FALSE
"2900",2900,FALSE
"2901",2901,FALSE
"2902",2902,FALSE
"2903",2903,FALSE
"2904",2904,FALSE
"2905",2905,FALSE
"2906",2906,FALSE
"2907",2907,FALSE
"2908",2908,FALSE
"2909",2909,FALSE
"2910",2910,FALSE
"2911",2911,FALSE
"2912",2912,FALSE
"2913",2913,FALSE
"2914",2914,FALSE
"2915",2915,FALSE
"2916",2916,FALSE
"2917",2917,FALSE
"2918",2918,FALSE
"2919",2919,FALSE
"2920",2920,FALSE
"2921",2921,FALSE
"2922",2922,FALSE
"2923",2923,FALSE
"2924",2924,FALSE
"2925",2925,FALSE
"2926",2926,FALSE
"2927",2927,FALSE
"2928",2928,FALSE
"2929",2929,FALSE
"2930",2930,FALSE
"2931",2931,FALSE
"2932",2932,FALSE
"2933",2933,FALSE
"2934",2934,FALSE
"2935",2935,FALSE
"2936",2936,FALSE
"2937",2937,FALSE
"2938",2938,FALSE
"2939",2939,FALSE
"2940",2940,FALSE
"2941",2941,FALSE
"2942",2942,FALSE
"2943",2943,FALSE
"2944",2944,FALSE
"2945",2945,FALSE
"2946",2946,FALSE
"2947",2947,FALSE
"2948",2948,FALSE
"2949",2949,FALSE
"2950",2950,FALSE
"2951",2951,FALSE
"2952",2952,FALSE
"2953",2953,FALSE
"2954",2954,FALSE
"2955",2955,FALSE
"2956",2956,FALSE
"2957",2957,FALSE
"2958",2958,FALSE
"2959",2959,FALSE
"2960",2960,FALSE
"2961",2961,FALSE
"2962",2962,FALSE
"2963",2963,FALSE
"2964",2964,FALSE
"2965",2965,FALSE
"2966",2966,TRUE
"2967",2967,FALSE
"2968",2968,FALSE
"2969",2969,FALSE
"2970",2970,FALSE
"2971",2971,FALSE
"2972",2972,FALSE
"2973",2973,FALSE
"2974",2974,FALSE
"2975",2975,FALSE
"2976",2976,FALSE
"2977",2977,FALSE
"2978",2978,FALSE
"2979",2979,FALSE
"2980",2980,FALSE
"2981",2981,FALSE
"2982",2982,TRUE
"2983",2983,TRUE
"2984",2984,FALSE
"2985",2985,FALSE
"2986",2986,FALSE
"2987",2987,TRUE
"2988",2988,FALSE
"2989",2989,FALSE
"2990",2990,FALSE
"2991",2991,FALSE
"2992",2992,FALSE
"2993",2993,FALSE
"2994",2994,FALSE
"2995",2995,FALSE
"2996",2996,FALSE
"2997",2997,FALSE
"2998",2998,FALSE
"2999",2999,FALSE
"3000",3000,FALSE
"3001",3001,FALSE
"3002",3002,FALSE
"3003",3003,FALSE
"3004",3004,FALSE
"3005",3005,FALSE
"3006",3006,FALSE
"3007",3007,FALSE
"3008",3008,FALSE
"3009",3009,FALSE
"3010",3010,FALSE
"3011",3011,FALSE
"3012",3012,FALSE
"3013",3013,FALSE
"3014",3014,FALSE
"3015",3015,FALSE
"3016",3016,FALSE
"3017",3017,FALSE
"3018",3018,FALSE
"3019",3019,FALSE
"3020",3020,FALSE
"3021",3021,FALSE
"3022",3022,FALSE
"3023",3023,FALSE
"3024",3024,FALSE
"3025",3025,FALSE
"3026",3026,FALSE
"3027",3027,FALSE
"3028",3028,FALSE
"3029",3029,FALSE
"3030",3030,FALSE
"3031",3031,FALSE
"3032",3032,FALSE
"3033",3033,FALSE
"3034",3034,FALSE
"3035",3035,FALSE
"3036",3036,FALSE
"3037",3037,FALSE
"3038",3038,FALSE
"3039",3039,FALSE
"3040",3040,FALSE
"3041",3041,FALSE
"3042",3042,FALSE
"3043",3043,FALSE
"3044",3044,FALSE
"3045",3045,FALSE
"3046",3046,FALSE
"3047",3047,FALSE
"3048",3048,FALSE
"3049",3049,TRUE
"3050",3050,FALSE
"3051",3051,FALSE
"3052",3052,FALSE
"3053",3053,FALSE
"3054",3054,FALSE
"3055",3055,FALSE
"3056",3056,FALSE
"3057",3057,FALSE
"3058",3058,FALSE
"3059",3059,FALSE
"3060",3060,FALSE
"3061",3061,FALSE
"3062",3062,FALSE
"3063",3063,FALSE
"3064",3064,FALSE
"3065",3065,FALSE
"3066",3066,FALSE
"3067",3067,FALSE
"3068",3068,FALSE
"3069",3069,FALSE
"3070",3070,FALSE
"3071",3071,FALSE
"3072",3072,FALSE
"3073",3073,FALSE
"3074",3074,FALSE
"3075",3075,FALSE
"3076",3076,FALSE
"3077",3077,FALSE
"3078",3078,FALSE
"3079",3079,FALSE
"3080",3080,FALSE
"3081",3081,FALSE
"3082",3082,FALSE
"3083",3083,FALSE
"3084",3084,FALSE
"3085",3085,FALSE
"3086",3086,FALSE
"3087",3087,FALSE
"3088",3088,FALSE
"3089",3089,FALSE
"3090",3090,FALSE
"3091",3091,FALSE
"3092",3092,FALSE
"3093",3093,FALSE
"3094",3094,FALSE
"3095",3095,FALSE
"3096",3096,FALSE
"3097",3097,FALSE
"3098",3098,FALSE
"3099",3099,FALSE
"3100",3100,TRUE
"3101",3101,FALSE
"3102",3102,FALSE
"3103",3103,FALSE
"3104",3104,FALSE
"3105",3105,FALSE
"3106",3106,FALSE
"3107",3107,FALSE
"3108",3108,FALSE
"3109",3109,FALSE
"3110",3110,FALSE
"3111",3111,FALSE
"3112",3112,FALSE
"3113",3113,FALSE
"3114",3114,TRUE
"3115",3115,FALSE
"3116",3116,FALSE
"3117",3117,FALSE
"3118",3118,FALSE
"3119",3119,FALSE
"3120",3120,FALSE
"3121",3121,FALSE
"3122",3122,TRUE
"3123",3123,FALSE
"3124",3124,FALSE
"3125",3125,FALSE
"3126",3126,FALSE
"3127",3127,FALSE
"3128",3128,FALSE
"3129",3129,FALSE
"3130",3130,FALSE
"3131",3131,FALSE
"3132",3132,FALSE
"3133",3133,TRUE
"3134",3134,FALSE
"3135",3135,FALSE
"3136",3136,FALSE
"3137",3137,FALSE
"3138",3138,FALSE
"3139",3139,FALSE
"3140",3140,FALSE
"3141",3141,FALSE
"3142",3142,FALSE
"3143",3143,FALSE
"3144",3144,FALSE
"3145",3145,FALSE
"3146",3146,FALSE
"3147",3147,FALSE
"3148",3148,FALSE
"3149",3149,FALSE
"3150",3150,FALSE
"3151",3151,FALSE
"3152",3152,FALSE
"3153",3153,FALSE
"3154",3154,FALSE
"3155",3155,FALSE
"3156",3156,FALSE
"3157",3157,FALSE
"3158",3158,FALSE
"3159",3159,FALSE
"3160",3160,FALSE
"3161",3161,FALSE
"3162",3162,FALSE
"3163",3163,FALSE
"3164",3164,FALSE
"3165",3165,FALSE
"3166",3166,FALSE
"3167",3167,FALSE
"3168",3168,FALSE
"3169",3169,FALSE
"3170",3170,FALSE
"3171",3171,FALSE
"3172",3172,FALSE
"3173",3173,FALSE
"3174",3174,FALSE
"3175",3175,FALSE
"3176",3176,FALSE
"3177",3177,FALSE
"3178",3178,FALSE
"3179",3179,FALSE
"3180",3180,FALSE
"3181",3181,FALSE
"3182",3182,FALSE
"3183",3183,FALSE
"3184",3184,TRUE
"3185",3185,FALSE
"3186",3186,FALSE
"3187",3187,FALSE
"3188",3188,FALSE
"3189",3189,FALSE
"3190",3190,FALSE
"3191",3191,FALSE
"3192",3192,FALSE
"3193",3193,FALSE
"3194",3194,FALSE
"3195",3195,FALSE
"3196",3196,FALSE
"3197",3197,FALSE
"3198",3198,FALSE
"3199",3199,FALSE
"3200",3200,FALSE
"3201",3201,FALSE
"3202",3202,FALSE
"3203",3203,FALSE
"3204",3204,FALSE
"3205",3205,FALSE
"3206",3206,FALSE
"3207",3207,FALSE
"3208",3208,FALSE
"3209",3209,FALSE
"3210",3210,FALSE
"3211",3211,FALSE
"3212",3212,FALSE
"3213",3213,FALSE
"3214",3214,FALSE
"3215",3215,FALSE
"3216",3216,FALSE
"3217",3217,FALSE
"3218",3218,FALSE
"3219",3219,FALSE
"3220",3220,FALSE
"3221",3221,FALSE
"3222",3222,FALSE
"3223",3223,FALSE
"3224",3224,FALSE
"3225",3225,FALSE
"3226",3226,FALSE
"3227",3227,FALSE
"3228",3228,FALSE
"3229",3229,FALSE
"3230",3230,FALSE
"3231",3231,FALSE
"3232",3232,FALSE
"3233",3233,FALSE
"3234",3234,FALSE
"3235",3235,FALSE
"3236",3236,FALSE
"3237",3237,FALSE
"3238",3238,FALSE
"3239",3239,FALSE
"3240",3240,FALSE
"3241",3241,FALSE
"3242",3242,FALSE
"3243",3243,FALSE
"3244",3244,FALSE
"3245",3245,FALSE
"3246",3246,FALSE
"3247",3247,FALSE
"3248",3248,FALSE
"3249",3249,FALSE
"3250",3250,FALSE
"3251",3251,FALSE
"3252",3252,FALSE
"3253",3253,FALSE
"3254",3254,FALSE
"3255",3255,TRUE
"3256",3256,FALSE
"3257",3257,FALSE
"3258",3258,FALSE
"3259",3259,FALSE
"3260",3260,FALSE
"3261",3261,FALSE
"3262",3262,FALSE
"3263",3263,FALSE
"3264",3264,FALSE
"3265",3265,FALSE
"3266",3266,FALSE
"3267",3267,FALSE
"3268",3268,FALSE
"3269",3269,FALSE
"3270",3270,FALSE
"3271",3271,FALSE
"3272",3272,FALSE
"3273",3273,FALSE
"3274",3274,FALSE
"3275",3275,FALSE
"3276",3276,FALSE
"3277",3277,TRUE
"3278",3278,FALSE
"3279",3279,FALSE
"3280",3280,TRUE
"3281",3281,FALSE
"3282",3282,FALSE
"3283",3283,FALSE
"3284",3284,FALSE
"3285",3285,FALSE
"3286",3286,FALSE
"3287",3287,FALSE
"3288",3288,FALSE
"3289",3289,FALSE
"3290",3290,TRUE
"3291",3291,FALSE
"3292",3292,FALSE
"3293",3293,FALSE
"3294",3294,FALSE
"3295",3295,FALSE
"3296",3296,FALSE
"3297",3297,FALSE
"3298",3298,FALSE
"3299",3299,FALSE
"3300",3300,FALSE
"3301",3301,FALSE
"3302",3302,FALSE
"3303",3303,FALSE
"3304",3304,FALSE
"3305",3305,FALSE
"3306",3306,FALSE
"3307",3307,FALSE
"3308",3308,FALSE
"3309",3309,FALSE
"3310",3310,FALSE
"3311",3311,FALSE
"3312",3312,FALSE
"3313",3313,FALSE
"3314",3314,FALSE
"3315",3315,FALSE
"3316",3316,FALSE
"3317",3317,FALSE
"3318",3318,FALSE
"3319",3319,TRUE
"3320",3320,FALSE
"3321",3321,FALSE
"3322",3322,FALSE
"3323",3323,FALSE
"3324",3324,TRUE
"3325",3325,FALSE
"3326",3326,FALSE
"3327",3327,FALSE
"3328",3328,FALSE
"3329",3329,FALSE
"3330",3330,FALSE
"3331",3331,FALSE
"3332",3332,FALSE
"3333",3333,FALSE
"3334",3334,FALSE
"3335",3335,FALSE
"3336",3336,FALSE
"3337",3337,FALSE
"3338",3338,FALSE
"3339",3339,FALSE
"3340",3340,FALSE
"3341",3341,FALSE
"3342",3342,FALSE
"3343",3343,FALSE
"3344",3344,FALSE
"3345",3345,FALSE
"3346",3346,FALSE
"3347",3347,TRUE
"3348",3348,FALSE
"3349",3349,FALSE
"3350",3350,FALSE
"3351",3351,FALSE
"3352",3352,FALSE
"3353",3353,FALSE
"3354",3354,FALSE
"3355",3355,FALSE
"3356",3356,FALSE
"3357",3357,FALSE
"3358",3358,FALSE
"3359",3359,FALSE
"3360",3360,FALSE
"3361",3361,FALSE
"3362",3362,FALSE
"3363",3363,FALSE
"3364",3364,FALSE
"3365",3365,FALSE
"3366",3366,FALSE
"3367",3367,FALSE
"3368",3368,FALSE
"3369",3369,FALSE
"3370",3370,FALSE
"3371",3371,FALSE
"3372",3372,FALSE
"3373",3373,FALSE
"3374",3374,FALSE
"3375",3375,FALSE
"3376",3376,FALSE
"3377",3377,FALSE
"3378",3378,FALSE
"3379",3379,FALSE
"3380",3380,FALSE
"3381",3381,FALSE
"3382",3382,FALSE
"3383",3383,FALSE
"3384",3384,FALSE
"3385",3385,TRUE
"3386",3386,FALSE
"3387",3387,FALSE
"3388",3388,FALSE
"3389",3389,FALSE
"3390",3390,FALSE
"3391",3391,FALSE
"3392",3392,FALSE
"3393",3393,FALSE
"3394",3394,FALSE
"3395",3395,FALSE
"3396",3396,FALSE
"3397",3397,FALSE
"3398",3398,FALSE
"3399",3399,FALSE
"3400",3400,FALSE
"3401",3401,FALSE
"3402",3402,FALSE
"3403",3403,FALSE
"3404",3404,FALSE
"3405",3405,FALSE
"3406",3406,FALSE
"3407",3407,FALSE
"3408",3408,FALSE
"3409",3409,FALSE
"3410",3410,FALSE
"3411",3411,FALSE
"3412",3412,TRUE
"3413",3413,FALSE
"3414",3414,FALSE
"3415",3415,FALSE
"3416",3416,FALSE
"3417",3417,TRUE
"3418",3418,TRUE
"3419",3419,FALSE
"3420",3420,FALSE
"3421",3421,FALSE
"3422",3422,FALSE
"3423",3423,FALSE
"3424",3424,FALSE
"3425",3425,FALSE
"3426",3426,FALSE
"3427",3427,FALSE
"3428",3428,FALSE
"3429",3429,FALSE
"3430",3430,FALSE
"3431",3431,FALSE
"3432",3432,FALSE
"3433",3433,TRUE
"3434",3434,FALSE
"3435",3435,FALSE
"3436",3436,FALSE
"3437",3437,FALSE
"3438",3438,FALSE
"3439",3439,FALSE
"3440",3440,FALSE
"3441",3441,FALSE
"3442",3442,FALSE
"3443",3443,FALSE
"3444",3444,TRUE
"3445",3445,TRUE
"3446",3446,FALSE
"3447",3447,FALSE
"3448",3448,FALSE
"3449",3449,FALSE
"3450",3450,FALSE
"3451",3451,FALSE
"3452",3452,FALSE
"3453",3453,FALSE
"3454",3454,FALSE
"3455",3455,FALSE
"3456",3456,FALSE
"3457",3457,FALSE
"3458",3458,FALSE
"3459",3459,FALSE
"3460",3460,FALSE
"3461",3461,FALSE
"3462",3462,FALSE
"3463",3463,FALSE
"3464",3464,FALSE
"3465",3465,TRUE
"3466",3466,FALSE
"3467",3467,FALSE
"3468",3468,FALSE
"3469",3469,FALSE
"3470",3470,FALSE
"3471",3471,FALSE
"3472",3472,TRUE
"3473",3473,TRUE
"3474",3474,FALSE
"3475",3475,FALSE
"3476",3476,TRUE
"3477",3477,FALSE
"3478",3478,FALSE
"3479",3479,FALSE
"3480",3480,FALSE
"3481",3481,FALSE
"3482",3482,FALSE
"3483",3483,FALSE
"3484",3484,FALSE
"3485",3485,FALSE
"3486",3486,FALSE
"3487",3487,FALSE
"3488",3488,FALSE
"3489",3489,FALSE
"3490",3490,FALSE
"3491",3491,FALSE
"3492",3492,FALSE
"3493",3493,FALSE
"3494",3494,FALSE
"3495",3495,FALSE
"3496",3496,FALSE
"3497",3497,FALSE
"3498",3498,FALSE
"3499",3499,TRUE
"3500",3500,FALSE
"3501",3501,FALSE
"3502",3502,FALSE
"3503",3503,FALSE
"3504",3504,FALSE
"3505",3505,FALSE
"3506",3506,FALSE
"3507",3507,FALSE
"3508",3508,FALSE
"3509",3509,FALSE
"3510",3510,FALSE
"3511",3511,FALSE
"3512",3512,FALSE
"3513",3513,FALSE
"3514",3514,FALSE
"3515",3515,FALSE
"3516",3516,FALSE
"3517",3517,FALSE
"3518",3518,FALSE
"3519",3519,FALSE
"3520",3520,FALSE
"3521",3521,TRUE
"3522",3522,FALSE
"3523",3523,FALSE
"3524",3524,FALSE
"3525",3525,FALSE
"3526",3526,FALSE
"3527",3527,FALSE
"3528",3528,FALSE
"3529",3529,FALSE
"3530",3530,FALSE
"3531",3531,FALSE
"3532",3532,FALSE
"3533",3533,FALSE
"3534",3534,FALSE
"3535",3535,FALSE
"3536",3536,FALSE
"3537",3537,FALSE
"3538",3538,FALSE
"3539",3539,TRUE
"3540",3540,FALSE
"3541",3541,FALSE
"3542",3542,FALSE
"3543",3543,FALSE
"3544",3544,FALSE
"3545",3545,FALSE
"3546",3546,TRUE
"3547",3547,FALSE
"3548",3548,FALSE
"3549",3549,FALSE
"3550",3550,FALSE
"3551",3551,FALSE
"3552",3552,FALSE
"3553",3553,FALSE
"3554",3554,FALSE
"3555",3555,FALSE
"3556",3556,FALSE
"3557",3557,FALSE
"3558",3558,FALSE
"3559",3559,FALSE
"3560",3560,FALSE
"3561",3561,FALSE
"3562",3562,FALSE
"3563",3563,FALSE
"3564",3564,FALSE
"3565",3565,FALSE
"3566",3566,FALSE
"3567",3567,FALSE
"3568",3568,FALSE
"3569",3569,FALSE
"3570",3570,FALSE
"3571",3571,FALSE
"3572",3572,FALSE
"3573",3573,FALSE
"3574",3574,TRUE
"3575",3575,FALSE
"3576",3576,TRUE
"3577",3577,FALSE
"3578",3578,TRUE
"3579",3579,FALSE
"3580",3580,FALSE
"3581",3581,FALSE
"3582",3582,FALSE
"3583",3583,FALSE
"3584",3584,FALSE
"3585",3585,FALSE
"3586",3586,FALSE
"3587",3587,FALSE
"3588",3588,FALSE
"3589",3589,FALSE
"3590",3590,FALSE
"3591",3591,FALSE
"3592",3592,FALSE
"3593",3593,FALSE
"3594",3594,FALSE
"3595",3595,FALSE
"3596",3596,FALSE
"3597",3597,FALSE
"3598",3598,FALSE
"3599",3599,FALSE
"3600",3600,FALSE
"3601",3601,FALSE
"3602",3602,FALSE
"3603",3603,FALSE
"3604",3604,FALSE
"3605",3605,FALSE
"3606",3606,FALSE
"3607",3607,FALSE
"3608",3608,FALSE
"3609",3609,FALSE
"3610",3610,FALSE
"3611",3611,FALSE
"3612",3612,FALSE
"3613",3613,FALSE
"3614",3614,FALSE
"3615",3615,FALSE
"3616",3616,FALSE
"3617",3617,TRUE
"3618",3618,FALSE
"3619",3619,FALSE
"3620",3620,FALSE
"3621",3621,FALSE
"3622",3622,FALSE
"3623",3623,FALSE
"3624",3624,FALSE
"3625",3625,FALSE
"3626",3626,FALSE
"3627",3627,FALSE
"3628",3628,FALSE
"3629",3629,FALSE
"3630",3630,FALSE
"3631",3631,FALSE
"3632",3632,FALSE
"3633",3633,FALSE
"3634",3634,FALSE
"3635",3635,FALSE
"3636",3636,FALSE
"3637",3637,FALSE
"3638",3638,FALSE
"3639",3639,FALSE
"3640",3640,FALSE
"3641",3641,FALSE
"3642",3642,FALSE
"3643",3643,FALSE
"3644",3644,FALSE
"3645",3645,FALSE
"3646",3646,TRUE
"3647",3647,FALSE
"3648",3648,FALSE
"3649",3649,FALSE
"3650",3650,FALSE
"3651",3651,FALSE
"3652",3652,FALSE
"3653",3653,FALSE
"3654",3654,FALSE
"3655",3655,FALSE
"3656",3656,FALSE
"3657",3657,FALSE
"3658",3658,FALSE
"3659",3659,FALSE
"3660",3660,FALSE
"3661",3661,FALSE
"3662",3662,FALSE
"3663",3663,FALSE
"3664",3664,FALSE
"3665",3665,FALSE
"3666",3666,FALSE
"3667",3667,FALSE
"3668",3668,FALSE
"3669",3669,FALSE
"3670",3670,FALSE
"3671",3671,FALSE
"3672",3672,FALSE
"3673",3673,FALSE
"3674",3674,FALSE
"3675",3675,FALSE
"3676",3676,FALSE
"3677",3677,FALSE
"3678",3678,FALSE
"3679",3679,FALSE
"3680",3680,FALSE
"3681",3681,FALSE
"3682",3682,TRUE
"3683",3683,FALSE
"3684",3684,FALSE
"3685",3685,FALSE
"3686",3686,FALSE
"3687",3687,FALSE
"3688",3688,FALSE
"3689",3689,FALSE
"3690",3690,FALSE
"3691",3691,FALSE
"3692",3692,FALSE
"3693",3693,FALSE
"3694",3694,FALSE
"3695",3695,FALSE
"3696",3696,FALSE
"3697",3697,FALSE
"3698",3698,FALSE
"3699",3699,FALSE
"3700",3700,FALSE
"3701",3701,FALSE
"3702",3702,FALSE
"3703",3703,FALSE
"3704",3704,FALSE
"3705",3705,FALSE
"3706",3706,FALSE
"3707",3707,FALSE
"3708",3708,FALSE
"3709",3709,FALSE
"3710",3710,FALSE
"3711",3711,FALSE
"3712",3712,FALSE
"3713",3713,FALSE
"3714",3714,FALSE
"3715",3715,FALSE
"3716",3716,FALSE
"3717",3717,FALSE
"3718",3718,FALSE
"3719",3719,FALSE
"3720",3720,FALSE
"3721",3721,FALSE
"3722",3722,FALSE
"3723",3723,FALSE
"3724",3724,FALSE
"3725",3725,FALSE
"3726",3726,FALSE
"3727",3727,FALSE
"3728",3728,FALSE
"3729",3729,FALSE
"3730",3730,FALSE
"3731",3731,FALSE
"3732",3732,FALSE
"3733",3733,FALSE
"3734",3734,FALSE
"3735",3735,FALSE
"3736",3736,FALSE
"3737",3737,FALSE
"3738",3738,FALSE
"3739",3739,FALSE
"3740",3740,FALSE
"3741",3741,FALSE
"3742",3742,FALSE
"3743",3743,FALSE
"3744",3744,FALSE
"3745",3745,FALSE
"3746",3746,FALSE
"3747",3747,FALSE
"3748",3748,FALSE
"3749",3749,FALSE
"3750",3750,FALSE
"3751",3751,FALSE
"3752",3752,FALSE
"3753",3753,FALSE
"3754",3754,TRUE
"3755",3755,FALSE
"3756",3756,FALSE
"3757",3757,FALSE
"3758",3758,FALSE
"3759",3759,FALSE
"3760",3760,FALSE
"3761",3761,FALSE
"3762",3762,FALSE
"3763",3763,FALSE
"3764",3764,FALSE
"3765",3765,FALSE
"3766",3766,FALSE
"3767",3767,FALSE
"3768",3768,FALSE
"3769",3769,FALSE
"3770",3770,FALSE
"3771",3771,FALSE
"3772",3772,FALSE
"3773",3773,FALSE
"3774",3774,FALSE
"3775",3775,FALSE
"3776",3776,FALSE
"3777",3777,FALSE
"3778",3778,FALSE
"3779",3779,FALSE
"3780",3780,FALSE
"3781",3781,FALSE
"3782",3782,FALSE
"3783",3783,FALSE
"3784",3784,FALSE
"3785",3785,FALSE
"3786",3786,FALSE
"3787",3787,FALSE
"3788",3788,FALSE
"3789",3789,FALSE
"3790",3790,FALSE
"3791",3791,FALSE
"3792",3792,FALSE
"3793",3793,FALSE
"3794",3794,FALSE
"3795",3795,FALSE
"3796",3796,FALSE
"3797",3797,FALSE
"3798",3798,FALSE
"3799",3799,FALSE
"3800",3800,FALSE
"3801",3801,FALSE
"3802",3802,FALSE
"3803",3803,FALSE
"3804",3804,FALSE
"3805",3805,FALSE
"3806",3806,FALSE
"3807",3807,FALSE
"3808",3808,FALSE
"3809",3809,FALSE
"3810",3810,FALSE
"3811",3811,TRUE
"3812",3812,FALSE
"3813",3813,FALSE
"3814",3814,FALSE
"3815",3815,FALSE
"3816",3816,FALSE
"3817",3817,FALSE
"3818",3818,FALSE
"3819",3819,FALSE
"3820",3820,FALSE
"3821",3821,FALSE
"3822",3822,FALSE
"3823",3823,FALSE
"3824",3824,TRUE
"3825",3825,FALSE
"3826",3826,FALSE
"3827",3827,FALSE
"3828",3828,TRUE
"3829",3829,FALSE
"3830",3830,FALSE
"3831",3831,FALSE
"3832",3832,FALSE
"3833",3833,FALSE
"3834",3834,FALSE
"3835",3835,FALSE
"3836",3836,FALSE
"3837",3837,FALSE
"3838",3838,FALSE
"3839",3839,FALSE
"3840",3840,FALSE
"3841",3841,FALSE
"3842",3842,FALSE
"3843",3843,FALSE
"3844",3844,FALSE
"3845",3845,FALSE
"3846",3846,FALSE
"3847",3847,FALSE
"3848",3848,FALSE
"3849",3849,FALSE
"3850",3850,FALSE
"3851",3851,FALSE
"3852",3852,FALSE
"3853",3853,FALSE
"3854",3854,FALSE
"3855",3855,FALSE
"3856",3856,FALSE
"3857",3857,FALSE
"3858",3858,FALSE
"3859",3859,FALSE
"3860",3860,FALSE
"3861",3861,FALSE
"3862",3862,FALSE
"3863",3863,FALSE
"3864",3864,FALSE
"3865",3865,FALSE
"3866",3866,FALSE
"3867",3867,FALSE
"3868",3868,FALSE
"3869",3869,FALSE
"3870",3870,FALSE
"3871",3871,FALSE
"3872",3872,FALSE
"3873",3873,FALSE
"3874",3874,FALSE
"3875",3875,FALSE
"3876",3876,FALSE
"3877",3877,TRUE
"3878",3878,FALSE
"3879",3879,FALSE
"3880",3880,FALSE
"3881",3881,FALSE
"3882",3882,FALSE
"3883",3883,FALSE
"3884",3884,FALSE
"3885",3885,FALSE
"3886",3886,TRUE
"3887",3887,FALSE
"3888",3888,FALSE
"3889",3889,FALSE
"3890",3890,FALSE
"3891",3891,FALSE
"3892",3892,FALSE
"3893",3893,FALSE
"3894",3894,FALSE
"3895",3895,FALSE
"3896",3896,FALSE
"3897",3897,FALSE
"3898",3898,FALSE
"3899",3899,FALSE
"3900",3900,FALSE
"3901",3901,FALSE
"3902",3902,FALSE
"3903",3903,FALSE
"3904",3904,FALSE
"3905",3905,FALSE
"3906",3906,FALSE
"3907",3907,FALSE
"3908",3908,TRUE
"3909",3909,FALSE
"3910",3910,TRUE
"3911",3911,FALSE
"3912",3912,FALSE
"3913",3913,FALSE
"3914",3914,FALSE
"3915",3915,FALSE
"3916",3916,FALSE
"3917",3917,FALSE
"3918",3918,FALSE
"3919",3919,FALSE
"3920",3920,FALSE
"3921",3921,FALSE
"3922",3922,FALSE
"3923",3923,FALSE
"3924",3924,FALSE
"3925",3925,FALSE
"3926",3926,FALSE
"3927",3927,FALSE
"3928",3928,FALSE
"3929",3929,FALSE
"3930",3930,FALSE
"3931",3931,FALSE
"3932",3932,FALSE
"3933",3933,FALSE
"3934",3934,FALSE
"3935",3935,FALSE
"3936",3936,FALSE
"3937",3937,FALSE
"3938",3938,FALSE
"3939",3939,FALSE
"3940",3940,FALSE
"3941",3941,FALSE
"3942",3942,FALSE
"3943",3943,TRUE
"3944",3944,FALSE
"3945",3945,TRUE
"3946",3946,FALSE
"3947",3947,FALSE
"3948",3948,FALSE
"3949",3949,TRUE
"3950",3950,FALSE
"3951",3951,FALSE
"3952",3952,FALSE
"3953",3953,TRUE
"3954",3954,FALSE
"3955",3955,FALSE
"3956",3956,FALSE
"3957",3957,FALSE
"3958",3958,FALSE
"3959",3959,FALSE
"3960",3960,TRUE
"3961",3961,FALSE
"3962",3962,FALSE
"3963",3963,TRUE
"3964",3964,FALSE
"3965",3965,FALSE
"3966",3966,FALSE
"3967",3967,FALSE
"3968",3968,FALSE
"3969",3969,FALSE
"3970",3970,FALSE
"3971",3971,FALSE
"3972",3972,TRUE
"3973",3973,FALSE
"3974",3974,FALSE
"3975",3975,FALSE
"3976",3976,FALSE
"3977",3977,FALSE
"3978",3978,FALSE
"3979",3979,TRUE
"3980",3980,FALSE
"3981",3981,TRUE
"3982",3982,FALSE
"3983",3983,FALSE
"3984",3984,FALSE
"3985",3985,FALSE
"3986",3986,FALSE
"3987",3987,FALSE
"3988",3988,FALSE
"3989",3989,FALSE
"3990",3990,TRUE
"3991",3991,FALSE
"3992",3992,FALSE
"3993",3993,FALSE
"3994",3994,TRUE
"3995",3995,FALSE
"3996",3996,FALSE
"3997",3997,FALSE
"3998",3998,TRUE
"3999",3999,FALSE
"4000",4000,TRUE
"4001",4001,TRUE
"4002",4002,FALSE
"4003",4003,TRUE
"4004",4004,FALSE
"4005",4005,FALSE
"4006",4006,FALSE
"4007",4007,FALSE
"4008",4008,FALSE
"4009",4009,FALSE
"4010",4010,FALSE
"4011",4011,FALSE
"4012",4012,FALSE
"4013",4013,FALSE
"4014",4014,FALSE
"4015",4015,FALSE
"4016",4016,FALSE
"4017",4017,FALSE
"4018",4018,FALSE
"4019",4019,FALSE
"4020",4020,FALSE
"4021",4021,FALSE
"4022",4022,FALSE
"4023",4023,FALSE
"4024",4024,FALSE
"4025",4025,FALSE
"4026",4026,FALSE
"4027",4027,FALSE
"4028",4028,FALSE
"4029",4029,FALSE
"4030",4030,FALSE
"4031",4031,FALSE
"4032",4032,FALSE
"4033",4033,FALSE
"4034",4034,FALSE
"4035",4035,FALSE
"4036",4036,FALSE
"4037",4037,FALSE
"4038",4038,FALSE
"4039",4039,FALSE
"4040",4040,FALSE
"4041",4041,FALSE
"4042",4042,FALSE
"4043",4043,FALSE
"4044",4044,FALSE
"4045",4045,FALSE
"4046",4046,FALSE
"4047",4047,FALSE
"4048",4048,FALSE
"4049",4049,FALSE
"4050",4050,FALSE
"4051",4051,FALSE
"4052",4052,FALSE
"4053",4053,FALSE
"4054",4054,FALSE
"4055",4055,FALSE
"4056",4056,FALSE
"4057",4057,FALSE
"4058",4058,FALSE
"4059",4059,FALSE
"4060",4060,FALSE
"4061",4061,TRUE
"4062",4062,FALSE
"4063",4063,FALSE
"4064",4064,FALSE
"4065",4065,FALSE
"4066",4066,FALSE
"4067",4067,FALSE
"4068",4068,FALSE
"4069",4069,FALSE
"4070",4070,FALSE
"4071",4071,FALSE
"4072",4072,FALSE
"4073",4073,FALSE
"4074",4074,TRUE
"4075",4075,FALSE
"4076",4076,FALSE
"4077",4077,FALSE
"4078",4078,FALSE
"4079",4079,FALSE
"4080",4080,FALSE
"4081",4081,FALSE
"4082",4082,FALSE
"4083",4083,TRUE
"4084",4084,TRUE
"4085",4085,FALSE
"4086",4086,FALSE
"4087",4087,FALSE
"4088",4088,FALSE
"4089",4089,FALSE
"4090",4090,FALSE
"4091",4091,FALSE
"4092",4092,FALSE
"4093",4093,FALSE
"4094",4094,FALSE
"4095",4095,FALSE
"4096",4096,FALSE
"4097",4097,FALSE
"4098",4098,FALSE
"4099",4099,FALSE
"4100",4100,FALSE
"4101",4101,FALSE
"4102",4102,FALSE
"4103",4103,FALSE
"4104",4104,FALSE
"4105",4105,FALSE
"4106",4106,FALSE
"4107",4107,FALSE
"4108",4108,FALSE
"4109",4109,FALSE
"4110",4110,FALSE
"4111",4111,FALSE
"4112",4112,TRUE
"4113",4113,FALSE
"4114",4114,TRUE
"4115",4115,FALSE
"4116",4116,FALSE
"4117",4117,FALSE
"4118",4118,FALSE
"4119",4119,FALSE
"4120",4120,FALSE
"4121",4121,FALSE
"4122",4122,FALSE
"4123",4123,TRUE
"4124",4124,FALSE
"4125",4125,FALSE
"4126",4126,FALSE
"4127",4127,FALSE
"4128",4128,FALSE
"4129",4129,FALSE
"4130",4130,FALSE
"4131",4131,FALSE
"4132",4132,FALSE
"4133",4133,FALSE
"4134",4134,FALSE
"4135",4135,FALSE
"4136",4136,FALSE
"4137",4137,FALSE
"4138",4138,FALSE
"4139",4139,FALSE
"4140",4140,FALSE
"4141",4141,FALSE
"4142",4142,FALSE
"4143",4143,FALSE
"4144",4144,FALSE
"4145",4145,TRUE
"4146",4146,FALSE
"4147",4147,FALSE
"4148",4148,FALSE
"4149",4149,FALSE
"4150",4150,FALSE
"4151",4151,FALSE
"4152",4152,FALSE
"4153",4153,FALSE
"4154",4154,TRUE
"4155",4155,FALSE
"4156",4156,FALSE
"4157",4157,FALSE
"4158",4158,FALSE
"4159",4159,FALSE
"4160",4160,FALSE
"4161",4161,FALSE
"4162",4162,FALSE
"4163",4163,FALSE
"4164",4164,FALSE
"4165",4165,FALSE
"4166",4166,FALSE
"4167",4167,FALSE
"4168",4168,FALSE
"4169",4169,FALSE
"4170",4170,FALSE
"4171",4171,FALSE
"4172",4172,FALSE
"4173",4173,FALSE
"4174",4174,FALSE
"4175",4175,FALSE
"4176",4176,FALSE
"4177",4177,FALSE
"4178",4178,FALSE
"4179",4179,FALSE
"4180",4180,FALSE
"4181",4181,TRUE
"4182",4182,FALSE
"4183",4183,FALSE
"4184",4184,FALSE
"4185",4185,FALSE
"4186",4186,FALSE
"4187",4187,FALSE
"4188",4188,FALSE
"4189",4189,FALSE
"4190",4190,FALSE
"4191",4191,FALSE
"4192",4192,FALSE
"4193",4193,FALSE
"4194",4194,FALSE
"4195",4195,FALSE
"4196",4196,FALSE
"4197",4197,FALSE
"4198",4198,FALSE
"4199",4199,FALSE
"4200",4200,FALSE
"4201",4201,FALSE
"4202",4202,FALSE
"4203",4203,FALSE
"4204",4204,FALSE
"4205",4205,FALSE
"4206",4206,FALSE
"4207",4207,FALSE
"4208",4208,TRUE
"4209",4209,FALSE
"4210",4210,FALSE
"4211",4211,FALSE
"4212",4212,FALSE
"4213",4213,FALSE
"4214",4214,FALSE
"4215",4215,FALSE
"4216",4216,FALSE
"4217",4217,FALSE
"4218",4218,FALSE
"4219",4219,FALSE
"4220",4220,FALSE
"4221",4221,FALSE
"4222",4222,FALSE
"4223",4223,FALSE
"4224",4224,FALSE
"4225",4225,FALSE
"4226",4226,FALSE
"4227",4227,FALSE
"4228",4228,FALSE
"4229",4229,FALSE
"4230",4230,FALSE
"4231",4231,FALSE
"4232",4232,FALSE
"4233",4233,TRUE
"4234",4234,FALSE
"4235",4235,FALSE
"4236",4236,FALSE
"4237",4237,FALSE
"4238",4238,FALSE
"4239",4239,FALSE
"4240",4240,FALSE
"4241",4241,FALSE
"4242",4242,TRUE
"4243",4243,FALSE
"4244",4244,FALSE
"4245",4245,FALSE
"4246",4246,FALSE
"4247",4247,FALSE
"4248",4248,FALSE
"4249",4249,TRUE
"4250",4250,FALSE
"4251",4251,FALSE
"4252",4252,FALSE
"4253",4253,FALSE
"4254",4254,FALSE
"4255",4255,FALSE
"4256",4256,FALSE
"4257",4257,FALSE
"4258",4258,FALSE
"4259",4259,FALSE
"4260",4260,FALSE
"4261",4261,FALSE
"4262",4262,FALSE
"4263",4263,FALSE
"4264",4264,FALSE
"4265",4265,FALSE
"4266",4266,FALSE
"4267",4267,FALSE
"4268",4268,FALSE
"4269",4269,TRUE
"4270",4270,FALSE
"4271",4271,FALSE
"4272",4272,FALSE
"4273",4273,FALSE
"4274",4274,TRUE
"4275",4275,FALSE
"4276",4276,FALSE
"4277",4277,FALSE
"4278",4278,FALSE
"4279",4279,FALSE
"4280",4280,TRUE
"4281",4281,FALSE
"4282",4282,FALSE
"4283",4283,FALSE
"4284",4284,FALSE
"4285",4285,TRUE
"4286",4286,FALSE
"4287",4287,FALSE
"4288",4288,FALSE
"4289",4289,FALSE
"4290",4290,FALSE
"4291",4291,FALSE
"4292",4292,FALSE
"4293",4293,FALSE
"4294",4294,FALSE
"4295",4295,FALSE
"4296",4296,FALSE
"4297",4297,FALSE
"4298",4298,FALSE
"4299",4299,TRUE
"4300",4300,FALSE
"4301",4301,FALSE
"4302",4302,FALSE
"4303",4303,FALSE
"4304",4304,FALSE
"4305",4305,FALSE
"4306",4306,FALSE
"4307",4307,TRUE
"4308",4308,FALSE
"4309",4309,FALSE
"4310",4310,FALSE
"4311",4311,FALSE
"4312",4312,FALSE
"4313",4313,FALSE
"4314",4314,FALSE
"4315",4315,FALSE
"4316",4316,FALSE
"4317",4317,FALSE
"4318",4318,FALSE
"4319",4319,FALSE
"4320",4320,FALSE
"4321",4321,FALSE
"4322",4322,FALSE
"4323",4323,FALSE
"4324",4324,FALSE
"4325",4325,FALSE
"4326",4326,FALSE
"4327",4327,FALSE
"4328",4328,FALSE
"4329",4329,FALSE
"4330",4330,FALSE
"4331",4331,FALSE
"4332",4332,FALSE
"4333",4333,FALSE
"4334",4334,FALSE
"4335",4335,FALSE
"4336",4336,FALSE
"4337",4337,FALSE
"4338",4338,FALSE
"4339",4339,FALSE
"4340",4340,FALSE
"4341",4341,FALSE
"4342",4342,FALSE
"4343",4343,FALSE
"4344",4344,FALSE
"4345",4345,FALSE
"4346",4346,FALSE
"4347",4347,FALSE
"4348",4348,FALSE
"4349",4349,FALSE
"4350",4350,FALSE
"4351",4351,FALSE
"4352",4352,FALSE
"4353",4353,FALSE
"4354",4354,FALSE
"4355",4355,FALSE
"4356",4356,FALSE
"4357",4357,FALSE
"4358",4358,FALSE
"4359",4359,FALSE
"4360",4360,FALSE
"4361",4361,FALSE
"4362",4362,FALSE
"4363",4363,FALSE
"4364",4364,FALSE
"4365",4365,FALSE
"4366",4366,FALSE
"4367",4367,FALSE
"4368",4368,FALSE
"4369",4369,TRUE
"4370",4370,FALSE
"4371",4371,FALSE
"4372",4372,TRUE
"4373",4373,FALSE
"4374",4374,FALSE
"4375",4375,FALSE
"4376",4376,FALSE
"4377",4377,TRUE
"4378",4378,FALSE
"4379",4379,FALSE
"4380",4380,FALSE
"4381",4381,FALSE
"4382",4382,TRUE
"4383",4383,FALSE
"4384",4384,FALSE
"4385",4385,FALSE
"4386",4386,FALSE
"4387",4387,FALSE
"4388",4388,FALSE
"4389",4389,TRUE
"4390",4390,TRUE
"4391",4391,FALSE
"4392",4392,FALSE
"4393",4393,FALSE
"4394",4394,FALSE
"4395",4395,FALSE
"4396",4396,FALSE
"4397",4397,FALSE
"4398",4398,FALSE
"4399",4399,TRUE
"4400",4400,TRUE
"4401",4401,FALSE
"4402",4402,FALSE
"4403",4403,FALSE
"4404",4404,FALSE
"4405",4405,FALSE
"4406",4406,TRUE
"4407",4407,FALSE
"4408",4408,FALSE
"4409",4409,FALSE
"4410",4410,TRUE
"4411",4411,TRUE
"4412",4412,FALSE
"4413",4413,FALSE
"4414",4414,FALSE
"4415",4415,FALSE
"4416",4416,TRUE
"4417",4417,FALSE
"4418",4418,TRUE
"4419",4419,FALSE
"4420",4420,FALSE
"4421",4421,FALSE
"4422",4422,FALSE
"4423",4423,FALSE
"4424",4424,FALSE
"4425",4425,FALSE
"4426",4426,FALSE
"4427",4427,FALSE
"4428",4428,FALSE
"4429",4429,FALSE
"4430",4430,FALSE
"4431",4431,FALSE
"4432",4432,FALSE
"4433",4433,FALSE
"4434",4434,FALSE
"4435",4435,FALSE
"4436",4436,FALSE
"4437",4437,FALSE
"4438",4438,FALSE
"4439",4439,FALSE
"4440",4440,FALSE
"4441",4441,FALSE
"4442",4442,FALSE
"4443",4443,FALSE
"4444",4444,TRUE
"4445",4445,FALSE
"4446",4446,FALSE
"4447",4447,FALSE
"4448",4448,FALSE
"4449",4449,FALSE
"4450",4450,FALSE
"4451",4451,FALSE
"4452",4452,FALSE
"4453",4453,FALSE
"4454",4454,FALSE
"4455",4455,FALSE
"4456",4456,FALSE
"4457",4457,FALSE
"4458",4458,FALSE
"4459",4459,FALSE
"4460",4460,FALSE
"4461",4461,TRUE
"4462",4462,FALSE
"4463",4463,FALSE
"4464",4464,FALSE
"4465",4465,FALSE
"4466",4466,FALSE
"4467",4467,FALSE
"4468",4468,FALSE
"4469",4469,FALSE
"4470",4470,FALSE
"4471",4471,FALSE
"4472",4472,FALSE
"4473",4473,FALSE
"4474",4474,FALSE
"4475",4475,FALSE
"4476",4476,FALSE
"4477",4477,FALSE
"4478",4478,FALSE
"4479",4479,FALSE
"4480",4480,FALSE
"4481",4481,FALSE
"4482",4482,FALSE
"4483",4483,TRUE
"4484",4484,FALSE
"4485",4485,FALSE
"4486",4486,FALSE
"4487",4487,TRUE
"4488",4488,FALSE
"4489",4489,TRUE
"4490",4490,TRUE
"4491",4491,FALSE
"4492",4492,FALSE
"4493",4493,TRUE
"4494",4494,FALSE
"4495",4495,FALSE
"4496",4496,FALSE
"4497",4497,FALSE
"4498",4498,FALSE
"4499",4499,FALSE
"4500",4500,FALSE
"4501",4501,FALSE
"4502",4502,FALSE
"4503",4503,TRUE
"4504",4504,FALSE
"4505",4505,FALSE
"4506",4506,FALSE
"4507",4507,FALSE
"4508",4508,FALSE
"4509",4509,TRUE
"4510",4510,FALSE
"4511",4511,TRUE
"4512",4512,FALSE
"4513",4513,FALSE
"4514",4514,FALSE
"4515",4515,FALSE
"4516",4516,FALSE
"4517",4517,FALSE
"4518",4518,FALSE
"4519",4519,FALSE
"4520",4520,FALSE
"4521",4521,FALSE
"4522",4522,FALSE
"4523",4523,FALSE
"4524",4524,FALSE
"4525",4525,FALSE
"4526",4526,FALSE
"4527",4527,FALSE
"4528",4528,FALSE
"4529",4529,FALSE
"4530",4530,FALSE
"4531",4531,FALSE
"4532",4532,FALSE
"4533",4533,FALSE
"4534",4534,FALSE
"4535",4535,FALSE
"4536",4536,FALSE
"4537",4537,FALSE
"4538",4538,FALSE
"4539",4539,FALSE
"4540",4540,FALSE
"4541",4541,FALSE
"4542",4542,FALSE
"4543",4543,FALSE
"4544",4544,FALSE
"4545",4545,FALSE
"4546",4546,FALSE
"4547",4547,FALSE
"4548",4548,FALSE
"4549",4549,FALSE
"4550",4550,FALSE
"4551",4551,TRUE
"4552",4552,FALSE
"4553",4553,FALSE
"4554",4554,FALSE
"4555",4555,TRUE
"4556",4556,FALSE
"4557",4557,FALSE
"4558",4558,FALSE
"4559",4559,TRUE
"4560",4560,FALSE
"4561",4561,FALSE
"4562",4562,FALSE
"4563",4563,FALSE
"4564",4564,TRUE
"4565",4565,FALSE
"4566",4566,FALSE
"4567",4567,FALSE
"4568",4568,FALSE
"4569",4569,FALSE
"4570",4570,FALSE
"4571",4571,FALSE
"4572",4572,FALSE
"4573",4573,FALSE
"4574",4574,FALSE
"4575",4575,FALSE
"4576",4576,FALSE
"4577",4577,FALSE
"4578",4578,FALSE
"4579",4579,TRUE
"4580",4580,FALSE
"4581",4581,FALSE
"4582",4582,FALSE
"4583",4583,FALSE
"4584",4584,FALSE
"4585",4585,FALSE
"4586",4586,FALSE
"4587",4587,FALSE
"4588",4588,FALSE
"4589",4589,TRUE
"4590",4590,FALSE
"4591",4591,FALSE
"4592",4592,FALSE
"4593",4593,FALSE
"4594",4594,FALSE
"4595",4595,FALSE
"4596",4596,FALSE
"4597",4597,FALSE
"4598",4598,FALSE
"4599",4599,FALSE
"4600",4600,FALSE
"4601",4601,FALSE
"4602",4602,FALSE
"4603",4603,FALSE
"4604",4604,FALSE
"4605",4605,FALSE
"4606",4606,FALSE
"4607",4607,FALSE
"4608",4608,FALSE
"4609",4609,FALSE
"4610",4610,FALSE
"4611",4611,FALSE
"4612",4612,FALSE
"4613",4613,FALSE
"4614",4614,FALSE
"4615",4615,FALSE
"4616",4616,FALSE
"4617",4617,FALSE
"4618",4618,FALSE
"4619",4619,FALSE
"4620",4620,FALSE
"4621",4621,FALSE
"4622",4622,FALSE
"4623",4623,FALSE
"4624",4624,FALSE
"4625",4625,FALSE
"4626",4626,FALSE
"4627",4627,FALSE
"4628",4628,FALSE
"4629",4629,FALSE
"4630",4630,TRUE
"4631",4631,FALSE
"4632",4632,FALSE
"4633",4633,FALSE
"4634",4634,FALSE
"4635",4635,FALSE
"4636",4636,FALSE
"4637",4637,FALSE
"4638",4638,FALSE
"4639",4639,FALSE
"4640",4640,TRUE
"4641",4641,FALSE
"4642",4642,FALSE
"4643",4643,FALSE
"4644",4644,FALSE
"4645",4645,FALSE
"4646",4646,FALSE
"4647",4647,FALSE
"4648",4648,FALSE
"4649",4649,FALSE
"4650",4650,FALSE
"4651",4651,FALSE
"4652",4652,FALSE
"4653",4653,FALSE
"4654",4654,FALSE
"4655",4655,FALSE
"4656",4656,FALSE
"4657",4657,FALSE
"4658",4658,FALSE
"4659",4659,FALSE
"4660",4660,FALSE
"4661",4661,FALSE
"4662",4662,FALSE
"4663",4663,FALSE
"4664",4664,FALSE
"4665",4665,FALSE
"4666",4666,FALSE
"4667",4667,FALSE
"4668",4668,FALSE
"4669",4669,FALSE
"4670",4670,FALSE
"4671",4671,FALSE
"4672",4672,FALSE
"4673",4673,FALSE
"4674",4674,FALSE
"4675",4675,FALSE
"4676",4676,FALSE
"4677",4677,FALSE
"4678",4678,FALSE
"4679",4679,FALSE
"4680",4680,FALSE
"4681",4681,FALSE
"4682",4682,FALSE
"4683",4683,FALSE
"4684",4684,FALSE
"4685",4685,FALSE
"4686",4686,FALSE
"4687",4687,FALSE
"4688",4688,FALSE
"4689",4689,FALSE
"4690",4690,FALSE
"4691",4691,FALSE
"4692",4692,FALSE
"4693",4693,TRUE
"4694",4694,FALSE
"4695",4695,FALSE
"4696",4696,FALSE
"4697",4697,FALSE
"4698",4698,FALSE
"4699",4699,FALSE
"4700",4700,FALSE
"4701",4701,FALSE
"4702",4702,FALSE
"4703",4703,FALSE
"4704",4704,FALSE
"4705",4705,FALSE
"4706",4706,FALSE
"4707",4707,FALSE
"4708",4708,FALSE
"4709",4709,FALSE
"4710",4710,FALSE
"4711",4711,FALSE
"4712",4712,FALSE
"4713",4713,FALSE
"4714",4714,FALSE
"4715",4715,FALSE
"4716",4716,FALSE
"4717",4717,FALSE
"4718",4718,FALSE
"4719",4719,FALSE
"4720",4720,FALSE
"4721",4721,FALSE
"4722",4722,FALSE
"4723",4723,FALSE
"4724",4724,FALSE
"4725",4725,FALSE
"4726",4726,FALSE
"4727",4727,FALSE
"4728",4728,FALSE
"4729",4729,FALSE
"4730",4730,FALSE
"4731",4731,FALSE
"4732",4732,FALSE
"4733",4733,FALSE
"4734",4734,FALSE
"4735",4735,FALSE
"4736",4736,FALSE
"4737",4737,FALSE
"4738",4738,FALSE
"4739",4739,FALSE
"4740",4740,FALSE
"4741",4741,FALSE
"4742",4742,FALSE
"4743",4743,FALSE
"4744",4744,FALSE
"4745",4745,FALSE
"4746",4746,FALSE
"4747",4747,FALSE
"4748",4748,FALSE
"4749",4749,FALSE
"4750",4750,FALSE
"4751",4751,TRUE
"4752",4752,FALSE
"4753",4753,FALSE
"4754",4754,FALSE
"4755",4755,FALSE
"4756",4756,FALSE
"4757",4757,FALSE
"4758",4758,FALSE
"4759",4759,FALSE
"4760",4760,FALSE
"4761",4761,FALSE
"4762",4762,TRUE
"4763",4763,FALSE
"4764",4764,FALSE
"4765",4765,FALSE
"4766",4766,FALSE
"4767",4767,FALSE
"4768",4768,TRUE
"4769",4769,TRUE
"4770",4770,FALSE
"4771",4771,FALSE
"4772",4772,FALSE
"4773",4773,TRUE
"4774",4774,FALSE
"4775",4775,FALSE
"4776",4776,FALSE
"4777",4777,FALSE
"4778",4778,FALSE
"4779",4779,FALSE
"4780",4780,FALSE
"4781",4781,FALSE
"4782",4782,FALSE
"4783",4783,FALSE
"4784",4784,FALSE
"4785",4785,FALSE
"4786",4786,FALSE
"4787",4787,FALSE
"4788",4788,FALSE
"4789",4789,FALSE
"4790",4790,FALSE
"4791",4791,FALSE
"4792",4792,FALSE
"4793",4793,FALSE
"4794",4794,FALSE
"4795",4795,FALSE
"4796",4796,FALSE
"4797",4797,FALSE
"4798",4798,FALSE
"4799",4799,FALSE
"4800",4800,TRUE
"4801",4801,FALSE
"4802",4802,FALSE
"4803",4803,FALSE
"4804",4804,FALSE
"4805",4805,FALSE
"4806",4806,FALSE
"4807",4807,FALSE
"4808",4808,FALSE
"4809",4809,FALSE
"4810",4810,FALSE
"4811",4811,FALSE
"4812",4812,FALSE
"4813",4813,FALSE
"4814",4814,FALSE
"4815",4815,FALSE
"4816",4816,FALSE
"4817",4817,FALSE
"4818",4818,FALSE
"4819",4819,FALSE
"4820",4820,FALSE
"4821",4821,FALSE
"4822",4822,FALSE
"4823",4823,FALSE
"4824",4824,FALSE
"4825",4825,TRUE
"4826",4826,FALSE
"4827",4827,FALSE
"4828",4828,FALSE
"4829",4829,FALSE
"4830",4830,FALSE
"4831",4831,FALSE
"4832",4832,FALSE
"4833",4833,FALSE
"4834",4834,FALSE
"4835",4835,FALSE
"4836",4836,FALSE
"4837",4837,FALSE
"4838",4838,FALSE
"4839",4839,FALSE
"4840",4840,FALSE
"4841",4841,FALSE
"4842",4842,FALSE
"4843",4843,FALSE
"4844",4844,FALSE
"4845",4845,FALSE
"4846",4846,FALSE
"4847",4847,FALSE
"4848",4848,TRUE
"4849",4849,FALSE
"4850",4850,FALSE
"4851",4851,FALSE
"4852",4852,FALSE
"4853",4853,FALSE
"4854",4854,FALSE
"4855",4855,FALSE
"4856",4856,FALSE
"4857",4857,FALSE
"4858",4858,FALSE
"4859",4859,FALSE
"4860",4860,FALSE
"4861",4861,FALSE
"4862",4862,FALSE
"4863",4863,TRUE
"4864",4864,TRUE
"4865",4865,FALSE
"4866",4866,FALSE
"4867",4867,FALSE
"4868",4868,FALSE
"4869",4869,FALSE
"4870",4870,FALSE
"4871",4871,FALSE
"4872",4872,FALSE
"4873",4873,FALSE
"4874",4874,FALSE
"4875",4875,FALSE
"4876",4876,FALSE
"4877",4877,FALSE
"4878",4878,FALSE
"4879",4879,FALSE
"4880",4880,FALSE
"4881",4881,FALSE
"4882",4882,FALSE
"4883",4883,FALSE
"4884",4884,FALSE
"4885",4885,FALSE
"4886",4886,FALSE
"4887",4887,FALSE
"4888",4888,FALSE
"4889",4889,FALSE
"4890",4890,FALSE
"4891",4891,FALSE
"4892",4892,FALSE
"4893",4893,FALSE
"4894",4894,FALSE
"4895",4895,FALSE
"4896",4896,FALSE
"4897",4897,FALSE
"4898",4898,FALSE
"4899",4899,FALSE
"4900",4900,FALSE
"4901",4901,FALSE
"4902",4902,FALSE
"4903",4903,FALSE
"4904",4904,FALSE
"4905",4905,FALSE
"4906",4906,FALSE
"4907",4907,FALSE
"4908",4908,FALSE
"4909",4909,FALSE
"4910",4910,FALSE
"4911",4911,FALSE
"4912",4912,FALSE
"4913",4913,FALSE
"4914",4914,FALSE
"4915",4915,FALSE
"4916",4916,FALSE
"4917",4917,FALSE
"4918",4918,FALSE
"4919",4919,FALSE
"4920",4920,FALSE
"4921",4921,FALSE
"4922",4922,FALSE
"4923",4923,FALSE
"4924",4924,TRUE
"4925",4925,FALSE
"4926",4926,FALSE
"4927",4927,FALSE
"4928",4928,FALSE
"4929",4929,FALSE
"4930",4930,FALSE
"4931",4931,FALSE
"4932",4932,FALSE
"4933",4933,FALSE
"4934",4934,FALSE
"4935",4935,FALSE
"4936",4936,FALSE
"4937",4937,FALSE
"4938",4938,FALSE
"4939",4939,FALSE
"4940",4940,FALSE
"4941",4941,FALSE
"4942",4942,FALSE
"4943",4943,FALSE
"4944",4944,FALSE
"4945",4945,FALSE
"4946",4946,TRUE
"4947",4947,FALSE
"4948",4948,FALSE
"4949",4949,FALSE
"4950",4950,FALSE
"4951",4951,FALSE
"4952",4952,FALSE
"4953",4953,TRUE
"4954",4954,FALSE
"4955",4955,FALSE
"4956",4956,FALSE
"4957",4957,FALSE
"4958",4958,FALSE
"4959",4959,FALSE
"4960",4960,FALSE
"4961",4961,FALSE
"4962",4962,FALSE
"4963",4963,FALSE
"4964",4964,FALSE
"4965",4965,FALSE
"4966",4966,FALSE
"4967",4967,FALSE
"4968",4968,FALSE
"4969",4969,FALSE
"4970",4970,FALSE
"4971",4971,FALSE
"4972",4972,FALSE
"4973",4973,FALSE
"4974",4974,FALSE
"4975",4975,FALSE
"4976",4976,FALSE
"4977",4977,FALSE
"4978",4978,FALSE
"4979",4979,FALSE
"4980",4980,FALSE
"4981",4981,FALSE
"4982",4982,FALSE
"4983",4983,FALSE
"4984",4984,FALSE
"4985",4985,FALSE
"4986",4986,FALSE
"4987",4987,FALSE
"4988",4988,FALSE
"4989",4989,FALSE
"4990",4990,FALSE
"4991",4991,FALSE
"4992",4992,FALSE
"4993",4993,FALSE
"4994",4994,FALSE
"4995",4995,FALSE
"4996",4996,FALSE
"4997",4997,FALSE
"4998",4998,FALSE
"4999",4999,FALSE
"5000",5000,FALSE
"5001",5001,FALSE
"5002",5002,FALSE
"5003",5003,FALSE
"5004",5004,FALSE
"5005",5005,FALSE
"5006",5006,FALSE
"5007",5007,FALSE
"5008",5008,FALSE
"5009",5009,FALSE
"5010",5010,FALSE
"5011",5011,FALSE
"5012",5012,FALSE
"5013",5013,FALSE
"5014",5014,FALSE
"5015",5015,FALSE
"5016",5016,FALSE
"5017",5017,FALSE
"5018",5018,FALSE
"5019",5019,FALSE
"5020",5020,FALSE
"5021",5021,FALSE
"5022",5022,FALSE
"5023",5023,FALSE
"5024",5024,FALSE
"5025",5025,FALSE
"5026",5026,FALSE
"5027",5027,FALSE
"5028",5028,FALSE
"5029",5029,FALSE
"5030",5030,FALSE
"5031",5031,FALSE
"5032",5032,FALSE
"5033",5033,FALSE
"5034",5034,FALSE
"5035",5035,FALSE
"5036",5036,FALSE
"5037",5037,FALSE
"5038",5038,FALSE
"5039",5039,FALSE
"5040",5040,FALSE
"5041",5041,FALSE
"5042",5042,FALSE
"5043",5043,FALSE
"5044",5044,FALSE
"5045",5045,FALSE
"5046",5046,FALSE
"5047",5047,TRUE
"5048",5048,FALSE
"5049",5049,FALSE
"5050",5050,FALSE
"5051",5051,FALSE
"5052",5052,FALSE
"5053",5053,FALSE
"5054",5054,FALSE
"5055",5055,TRUE
"5056",5056,FALSE
"5057",5057,FALSE
"5058",5058,FALSE
"5059",5059,FALSE
"5060",5060,FALSE
"5061",5061,TRUE
"5062",5062,FALSE
"5063",5063,FALSE
"5064",5064,FALSE
"5065",5065,FALSE
"5066",5066,FALSE
"5067",5067,FALSE
"5068",5068,FALSE
"5069",5069,FALSE
"5070",5070,FALSE
"5071",5071,FALSE
"5072",5072,FALSE
"5073",5073,FALSE
"5074",5074,FALSE
"5075",5075,FALSE
"5076",5076,FALSE
"5077",5077,FALSE
"5078",5078,FALSE
"5079",5079,FALSE
"5080",5080,FALSE
"5081",5081,FALSE
"5082",5082,FALSE
"5083",5083,FALSE
"5084",5084,FALSE
"5085",5085,FALSE
"5086",5086,TRUE
"5087",5087,FALSE
"5088",5088,FALSE
"5089",5089,FALSE
"5090",5090,FALSE
"5091",5091,FALSE
"5092",5092,FALSE
"5093",5093,FALSE
"5094",5094,FALSE
"5095",5095,FALSE
"5096",5096,FALSE
"5097",5097,FALSE
"5098",5098,FALSE
"5099",5099,FALSE
"5100",5100,FALSE
"5101",5101,TRUE
"5102",5102,FALSE
"5103",5103,FALSE
"5104",5104,FALSE
"5105",5105,FALSE
"5106",5106,FALSE
"5107",5107,FALSE
"5108",5108,FALSE
"5109",5109,FALSE
"5110",5110,FALSE
"5111",5111,FALSE
"5112",5112,FALSE
"5113",5113,FALSE
"5114",5114,FALSE
"5115",5115,FALSE
"5116",5116,FALSE
"5117",5117,FALSE
"5118",5118,FALSE
"5119",5119,FALSE
"5120",5120,TRUE
"5121",5121,FALSE
"5122",5122,FALSE
"5123",5123,TRUE
"5124",5124,FALSE
"5125",5125,TRUE
"5126",5126,FALSE
"5127",5127,FALSE
"5128",5128,FALSE
"5129",5129,FALSE
"5130",5130,FALSE
"5131",5131,FALSE
"5132",5132,FALSE
"5133",5133,FALSE
"5134",5134,FALSE
"5135",5135,FALSE
"5136",5136,FALSE
"5137",5137,FALSE
"5138",5138,FALSE
"5139",5139,FALSE
"5140",5140,FALSE
"5141",5141,FALSE
"5142",5142,FALSE
"5143",5143,FALSE
"5144",5144,FALSE
"5145",5145,FALSE
"5146",5146,FALSE
"5147",5147,FALSE
"5148",5148,FALSE
"5149",5149,FALSE
"5150",5150,FALSE
"5151",5151,FALSE
"5152",5152,FALSE
"5153",5153,FALSE
"5154",5154,TRUE
"5155",5155,FALSE
"5156",5156,TRUE
"5157",5157,FALSE
"5158",5158,FALSE
"5159",5159,FALSE
"5160",5160,TRUE
"5161",5161,FALSE
"5162",5162,FALSE
"5163",5163,FALSE
"5164",5164,FALSE
"5165",5165,FALSE
"5166",5166,FALSE
"5167",5167,FALSE
"5168",5168,FALSE
"5169",5169,FALSE
"5170",5170,FALSE
"5171",5171,FALSE
"5172",5172,FALSE
"5173",5173,FALSE
"5174",5174,FALSE
"5175",5175,FALSE
"5176",5176,FALSE
"5177",5177,FALSE
"5178",5178,TRUE
"5179",5179,FALSE
"5180",5180,FALSE
"5181",5181,FALSE
"5182",5182,FALSE
"5183",5183,FALSE
"5184",5184,FALSE
"5185",5185,FALSE
"5186",5186,FALSE
"5187",5187,FALSE
"5188",5188,FALSE
"5189",5189,FALSE
"5190",5190,FALSE
"5191",5191,FALSE
"5192",5192,FALSE
"5193",5193,FALSE
"5194",5194,FALSE
"5195",5195,FALSE
"5196",5196,TRUE
"5197",5197,FALSE
"5198",5198,FALSE
"5199",5199,FALSE
"5200",5200,FALSE
"5201",5201,FALSE
"5202",5202,FALSE
"5203",5203,FALSE
"5204",5204,FALSE
"5205",5205,FALSE
"5206",5206,FALSE
"5207",5207,FALSE
"5208",5208,FALSE
"5209",5209,FALSE
"5210",5210,FALSE
"5211",5211,FALSE
"5212",5212,TRUE
"5213",5213,FALSE
"5214",5214,FALSE
"5215",5215,FALSE
"5216",5216,FALSE
"5217",5217,FALSE
"5218",5218,FALSE
"5219",5219,FALSE
"5220",5220,FALSE
"5221",5221,FALSE
"5222",5222,FALSE
"5223",5223,FALSE
"5224",5224,FALSE
"5225",5225,FALSE
"5226",5226,FALSE
"5227",5227,FALSE
"5228",5228,FALSE
"5229",5229,FALSE
"5230",5230,FALSE
"5231",5231,FALSE
"5232",5232,FALSE
"5233",5233,FALSE
"5234",5234,FALSE
"5235",5235,FALSE
"5236",5236,FALSE
"5237",5237,FALSE
"5238",5238,FALSE
"5239",5239,FALSE
"5240",5240,FALSE
"5241",5241,FALSE
"5242",5242,FALSE
"5243",5243,FALSE
"5244",5244,FALSE
"5245",5245,FALSE
"5246",5246,FALSE
"5247",5247,FALSE
"5248",5248,FALSE
"5249",5249,FALSE
"5250",5250,TRUE
"5251",5251,FALSE
"5252",5252,FALSE
"5253",5253,FALSE
"5254",5254,FALSE
"5255",5255,FALSE
"5256",5256,FALSE
"5257",5257,FALSE
"5258",5258,FALSE
"5259",5259,FALSE
"5260",5260,FALSE
"5261",5261,FALSE
"5262",5262,FALSE
"5263",5263,FALSE
"5264",5264,FALSE
"5265",5265,TRUE
"5266",5266,FALSE
"5267",5267,FALSE
"5268",5268,FALSE
"5269",5269,FALSE
"5270",5270,FALSE
"5271",5271,FALSE
"5272",5272,FALSE
"5273",5273,FALSE
"5274",5274,FALSE
"5275",5275,FALSE
"5276",5276,TRUE
"5277",5277,FALSE
"5278",5278,FALSE
"5279",5279,FALSE
"5280",5280,FALSE
"5281",5281,FALSE
"5282",5282,FALSE
"5283",5283,FALSE
"5284",5284,FALSE
"5285",5285,FALSE
"5286",5286,FALSE
"5287",5287,FALSE
"5288",5288,FALSE
"5289",5289,FALSE
"5290",5290,FALSE
"5291",5291,FALSE
"5292",5292,FALSE
"5293",5293,FALSE
"5294",5294,FALSE
"5295",5295,FALSE
"5296",5296,FALSE
"5297",5297,FALSE
"5298",5298,FALSE
"5299",5299,FALSE
"5300",5300,FALSE
"5301",5301,FALSE
"5302",5302,FALSE
"5303",5303,TRUE
"5304",5304,FALSE
"5305",5305,TRUE
"5306",5306,FALSE
"5307",5307,FALSE
"5308",5308,FALSE
"5309",5309,FALSE
"5310",5310,FALSE
"5311",5311,FALSE
"5312",5312,FALSE
"5313",5313,FALSE
"5314",5314,FALSE
"5315",5315,FALSE
"5316",5316,FALSE
"5317",5317,FALSE
"5318",5318,FALSE
"5319",5319,FALSE
"5320",5320,FALSE
"5321",5321,FALSE
"5322",5322,FALSE
"5323",5323,FALSE
"5324",5324,FALSE
"5325",5325,FALSE
"5326",5326,FALSE
"5327",5327,FALSE
"5328",5328,FALSE
"5329",5329,FALSE
"5330",5330,FALSE
"5331",5331,FALSE
"5332",5332,FALSE
"5333",5333,FALSE
"5334",5334,FALSE
"5335",5335,FALSE
"5336",5336,TRUE
"5337",5337,FALSE
"5338",5338,TRUE
"5339",5339,FALSE
"5340",5340,FALSE
"5341",5341,FALSE
"5342",5342,FALSE
"5343",5343,FALSE
"5344",5344,FALSE
"5345",5345,TRUE
"5346",5346,FALSE
"5347",5347,FALSE
"5348",5348,FALSE
"5349",5349,FALSE
"5350",5350,FALSE
"5351",5351,FALSE
"5352",5352,FALSE
"5353",5353,FALSE
"5354",5354,FALSE
"5355",5355,FALSE
"5356",5356,FALSE
"5357",5357,FALSE
"5358",5358,FALSE
"5359",5359,FALSE
"5360",5360,FALSE
"5361",5361,FALSE
"5362",5362,FALSE
"5363",5363,FALSE
"5364",5364,FALSE
"5365",5365,FALSE
"5366",5366,FALSE
"5367",5367,FALSE
"5368",5368,FALSE
"5369",5369,FALSE
"5370",5370,FALSE
"5371",5371,FALSE
"5372",5372,FALSE
"5373",5373,FALSE
"5374",5374,FALSE
"5375",5375,FALSE
"5376",5376,FALSE
"5377",5377,TRUE
"5378",5378,FALSE
"5379",5379,FALSE
"5380",5380,FALSE
"5381",5381,FALSE
"5382",5382,FALSE
"5383",5383,FALSE
"5384",5384,FALSE
"5385",5385,FALSE
"5386",5386,FALSE
"5387",5387,FALSE
"5388",5388,FALSE
"5389",5389,FALSE
"5390",5390,FALSE
"5391",5391,FALSE
"5392",5392,FALSE
"5393",5393,FALSE
"5394",5394,FALSE
"5395",5395,FALSE
"5396",5396,FALSE
"5397",5397,FALSE
"5398",5398,FALSE
"5399",5399,FALSE
"5400",5400,TRUE
"5401",5401,FALSE
"5402",5402,FALSE
"5403",5403,FALSE
"5404",5404,FALSE
"5405",5405,FALSE
"5406",5406,FALSE
"5407",5407,FALSE
"5408",5408,TRUE
"5409",5409,FALSE
"5410",5410,FALSE
"5411",5411,FALSE
"5412",5412,FALSE
"5413",5413,FALSE
"5414",5414,FALSE
"5415",5415,FALSE
"5416",5416,FALSE
"5417",5417,FALSE
"5418",5418,FALSE
"5419",5419,FALSE
"5420",5420,FALSE
"5421",5421,TRUE
"5422",5422,FALSE
"5423",5423,FALSE
"5424",5424,FALSE
"5425",5425,FALSE
"5426",5426,FALSE
"5427",5427,FALSE
"5428",5428,FALSE
"5429",5429,FALSE
"5430",5430,FALSE
"5431",5431,FALSE
"5432",5432,FALSE
"5433",5433,FALSE
"5434",5434,FALSE
"5435",5435,FALSE
"5436",5436,FALSE
"5437",5437,TRUE
"5438",5438,FALSE
"5439",5439,FALSE
"5440",5440,FALSE
"5441",5441,FALSE
"5442",5442,FALSE
"5443",5443,FALSE
"5444",5444,FALSE
"5445",5445,FALSE
"5446",5446,FALSE
"5447",5447,TRUE
"5448",5448,FALSE
"5449",5449,FALSE
"5450",5450,FALSE
"5451",5451,FALSE
"5452",5452,FALSE
"5453",5453,FALSE
"5454",5454,FALSE
"5455",5455,FALSE
"5456",5456,FALSE
"5457",5457,FALSE
"5458",5458,FALSE
"5459",5459,FALSE
"5460",5460,FALSE
"5461",5461,FALSE
"5462",5462,TRUE
"5463",5463,FALSE
"5464",5464,FALSE
"5465",5465,FALSE
"5466",5466,FALSE
"5467",5467,FALSE
"5468",5468,FALSE
"5469",5469,FALSE
"5470",5470,FALSE
"5471",5471,FALSE
"5472",5472,FALSE
"5473",5473,FALSE
"5474",5474,FALSE
"5475",5475,FALSE
"5476",5476,FALSE
"5477",5477,FALSE
"5478",5478,FALSE
"5479",5479,FALSE
"5480",5480,FALSE
"5481",5481,FALSE
"5482",5482,FALSE
"5483",5483,FALSE
"5484",5484,FALSE
"5485",5485,FALSE
"5486",5486,FALSE
"5487",5487,FALSE
"5488",5488,FALSE
"5489",5489,FALSE
"5490",5490,FALSE
"5491",5491,FALSE
"5492",5492,FALSE
"5493",5493,FALSE
"5494",5494,FALSE
"5495",5495,FALSE
"5496",5496,FALSE
"5497",5497,FALSE
"5498",5498,FALSE
"5499",5499,FALSE
"5500",5500,FALSE
"5501",5501,TRUE
"5502",5502,FALSE
"5503",5503,FALSE
"5504",5504,FALSE
"5505",5505,FALSE
"5506",5506,FALSE
"5507",5507,FALSE
"5508",5508,FALSE
"5509",5509,FALSE
"5510",5510,FALSE
"5511",5511,FALSE
"5512",5512,FALSE
"5513",5513,FALSE
"5514",5514,FALSE
"5515",5515,FALSE
"5516",5516,FALSE
"5517",5517,FALSE
"5518",5518,FALSE
"5519",5519,FALSE
"5520",5520,FALSE
"5521",5521,FALSE
"5522",5522,FALSE
"5523",5523,FALSE
"5524",5524,FALSE
"5525",5525,FALSE
"5526",5526,FALSE
"5527",5527,FALSE
"5528",5528,FALSE
"5529",5529,FALSE
"5530",5530,FALSE
"5531",5531,FALSE
"5532",5532,FALSE
"5533",5533,FALSE
"5534",5534,FALSE
"5535",5535,FALSE
"5536",5536,FALSE
"5537",5537,FALSE
"5538",5538,FALSE
"5539",5539,FALSE
"5540",5540,FALSE
"5541",5541,FALSE
"5542",5542,FALSE
"5543",5543,FALSE
"5544",5544,FALSE
"5545",5545,FALSE
"5546",5546,FALSE
"5547",5547,FALSE
"5548",5548,FALSE
"5549",5549,FALSE
"5550",5550,FALSE
"5551",5551,FALSE
"5552",5552,FALSE
"5553",5553,FALSE
"5554",5554,FALSE
"5555",5555,FALSE
"5556",5556,FALSE
"5557",5557,FALSE
"5558",5558,FALSE
"5559",5559,FALSE
"5560",5560,FALSE
"5561",5561,FALSE
"5562",5562,FALSE
